book_id,title,author,language,loc_class,subjects,release_date,ebook_url,summary,work_key,trecho
1342,Pride and Prejudice,"Austen, Jane, 1775-1817",English,PR: Language and Literatures: English literature,England -- Fiction | Young women -- Fiction | Love stories | Sisters -- Fiction | Domestic fiction | Courtship -- Fiction | Social classes -- Fiction,"Jun 1, 1998",https://www.gutenberg.org/ebooks/1342,"""Pride and Prejudice"" by Jane Austen is a novel published in 1813. It follows Elizabeth Bennet, who must learn to see past first impressions and hasty judgments. With five daughters and an estate that can only pass to male heirs, the Bennet family faces financial pressure to marry well. When wealthy Mr. Darcy arrives in their countryside neighborhood, his pride and Elizabeth's prejudice set the stage for misunderstandings, hidden truths, and unexpected revelations about character and love.  ...",,"Mrs. Gardiner had seen Pemberley, and known the late Mr. Darcy by
character perfectly well. Here, consequently, was an inexhaustible
subject of discourse. In comparing her recollection of Pemberley with
the minute description which Wickham could give, and in bestowing her
tribute of praise on the character of its late possessor, she was
delighting both him and herself. On being made acquainted with the
present Mr. Darcy’s treatment of him, she tried to remember something of
that gentleman’s reputed disposition, when quite a lad, which might
agree with it; and was confident, at last, that she recollected having
heard Mr. Fitzwilliam Darcy formerly spoken of as a very proud,
ill-natured boy."
2701,"Moby Dick; Or, The Whale","Melville, Herman, 1819-1891",English,PS: Language and Literatures: American and Canadian literature,"Whaling -- Fiction | Sea stories | Psychological fiction | Ship captains -- Fiction | Adventure stories | Mentally ill -- Fiction | Ahab, Captain (Fictitious character) -- Fiction | Whales -- Fiction | Whaling ships -- Fiction","Jul 1, 2001",https://www.gutenberg.org/ebooks/2701,"""Moby Dick; Or, The Whale"" by Herman Melville is an epic novel published in 1851. Sailor Ishmael narrates the obsessive quest of Captain Ahab, who commands the whaling ship Pequod in pursuit of Moby Dick, a giant white sperm whale that destroyed his leg. Ahab's monomaniacal hunt for vengeance drives the ship and its diverse crew across the world's oceans, blending realistic whaling details with profound explorations of good, evil, fate, and human nature in this cornerstone of American literature.  ...",,"The acute policy dictating these movements was sufficiently vindicated
at daybreak, by the sight of a long sleek on the sea directly and
lengthwise ahead, smooth as oil, and resembling in the pleated watery
wrinkles bordering it, the polished metallic-like marks of some swift
tide-rip, at the mouth of a deep, rapid stream.

Thundering with the butts of three clubbed handspikes on the forecastle
deck, Daggoo roused the sleepers with such judgment claps that they
seemed to exhale from the scuttle, so instantaneously did they appear
with their clothes in their hands.

All sail being set, he now cast loose the life-line, reserved for
swaying him to the main royal-mast head; and in a few moments they were
hoisting him thither, when, while but two thirds of the way aloft, and
while peering ahead through the horizontal vacancy between the
main-top-sail and top-gallant-sail, he raised a gull-like cry in the
air. “There she blows!—there she blows! A hump like a snow-hill! It is
Moby Dick!”"
2554,Crime and Punishment,"Dostoyevsky, Fyodor, 1821-1881",English,"PG: Language and Literatures: Slavic (including Russian), Languages and Literature",Detective and mystery stories | Psychological fiction | Saint Petersburg (Russia) -- Fiction | Murder -- Fiction | Crime -- Psychological aspects -- Fiction,"Mar 28, 2006",https://www.gutenberg.org/ebooks/2554,"""Crime and Punishment"" by Fyodor Dostoevsky is a novel published in 1866. It follows Rodion Raskolnikov, an impoverished former law student in Saint Petersburg who plans to murder an unscrupulous pawnbroker. He convinces himself that certain crimes are justifiable if committed by ""extraordinary"" men pursuing higher goals. Once the deed is done, however, he is consumed by confusion, paranoia, and guilt as his theoretical justifications crumble and he faces the internal and external consequences of his actions.  ...",,"These exclamations and remarks checked Raskolnikov, and the words, “I am
a murderer,” which were perhaps on the point of dropping from his lips,
died away. He bore these remarks quietly, however, and, without looking
round, he turned down a street leading to the police office. He had a
glimpse of something on the way which did not surprise him; he had felt
that it must be so. The second time he bowed down in the Hay Market he
saw, standing fifty paces from him on the left, Sonia. She was hiding
from him behind one of the wooden shanties in the market-place. She had
followed him then on his painful way! Raskolnikov at that moment felt
and knew once for all that Sonia was with him for ever and would follow
him to the ends of the earth, wherever fate might take him. It wrung his
heart... but he was just reaching the fatal place."
84,"Frankenstein; or, the modern prometheus","Shelley, Mary Wollstonecraft, 1797-1851",English,PR: Language and Literatures: English literature,"Science fiction | Horror tales | Gothic fiction | Scientists -- Fiction | Monsters -- Fiction | Frankenstein, Victor (Fictitious character) -- Fiction | Frankenstein's monster (Fictitious character) -- Fiction","Oct 1, 1993",https://www.gutenberg.org/ebooks/84,"""Frankenstein; Or, The Modern Prometheus"" by Mary Wollstonecraft Shelley is a Gothic novel published in 1818. It tells the story of Victor Frankenstein, a young scientist who creates a living creature from assembled body parts in an unorthodox experiment. When the creature awakens, Victor flees in horror, abandoning his creation. The conscious being must navigate a world that fears him, learning language and seeking connection, only to face repeated rejection. Embittered and alone, the creature confronts his creator with a desperate request that will set both on a dark path of vengeance and tragedy.  ...",,"“Such were the events that preyed on the heart of Felix and rendered
him, when I first saw him, the most miserable of his family. He could
have endured poverty, and while this distress had been the meed of his
virtue, he gloried in it; but the ingratitude of the Turk and the loss
of his beloved Safie were misfortunes more bitter and irreparable. The
arrival of the Arabian now infused new life into his soul.

“When the news reached Leghorn that Felix was deprived of his wealth
and rank, the merchant commanded his daughter to think no more of her
lover, but to prepare to return to her native country. The generous
nature of Safie was outraged by this command; she attempted to
expostulate with her father, but he left her angrily, reiterating his
tyrannical mandate."
11,Alice's Adventures in Wonderland,"Carroll, Lewis, 1832-1898",English,PZ: Language and Literatures: Juvenile belles lettres,Fantasy fiction | Children's stories | Imaginary places -- Juvenile fiction | Alice (Fictitious character from Carroll) -- Juvenile fiction,"Jun 27, 2008",https://www.gutenberg.org/ebooks/11,"""Alice's Adventures in Wonderland"" by Lewis Carroll is a children's novel published in 1865. When a curious girl named Alice spots a White Rabbit with a pocket watch, she tumbles down a rabbit hole into an extraordinary fantasy world filled with peculiar anthropomorphic creatures. This pioneering work of literary nonsense plays with logic and language, creating a whimsical tale that delights both children and adults. Illustrated by John Tenniel, it helped transform children's literature from didactic instruction to pure entertainment.  ...",,"“What _can_ all that green stuff be?” said Alice. “And where _have_ my
shoulders got to? And oh, my poor hands, how is it I can’t see you?”
She was moving them about as she spoke, but no result seemed to follow,
except a little shaking among the distant green leaves.

As there seemed to be no chance of getting her hands up to her head,
she tried to get her head down to them, and was delighted to find that
her neck would bend about easily in any direction, like a serpent. She
had just succeeded in curving it down into a graceful zigzag, and was
going to dive in among the leaves, which she found to be nothing but
the tops of the trees under which she had been wandering, when a sharp
hiss made her draw back in a hurry: a large pigeon had flown into her
face, and was beating her violently with its wings."
345,Dracula,"Stoker, Bram, 1847-1912",English,PR: Language and Literatures: English literature,"Horror tales | Epistolary fiction | Gothic fiction | Vampires -- Fiction | Dracula, Count (Fictitious character) -- Fiction | Transylvania (Romania) -- Fiction | Whitby (England) -- Fiction","Oct 1, 1995",https://www.gutenberg.org/ebooks/345,"""Dracula"" by Bram Stoker is a Gothic horror novel published in 1897. Told through letters, diary entries, and newspaper articles, the story follows solicitor Jonathan Harker's terrifying encounter with Count Dracula in Transylvania. When the vampire Count travels to England and begins preying on victims in Whitby, a small group led by Professor Abraham Van Helsing must hunt him down. This seminal work of Gothic fiction has become the centrepiece of vampire literature, profoundly shaping the popular conception of vampires for generations.  ...",,"The poor dear was evidently terrified at something--very greatly terrified; I do believe that if he had not had me to lean on and to support him he would have sunk down. He kept staring; a man came out of the shop with a small parcel, and gave it to the lady, who then drove off. The dark man kept his eyes fixed on her, and when the carriage moved up Piccadilly he followed in the same direction, and hailed a hansom. Jonathan kept looking after him, and said, as if to himself:-- “I believe it is the Count, but he has grown young. My God, if this be so! Oh, my God! my God! If I only knew! if I only knew!” He was distressing himself so much that I feared to keep his mind on the subject by asking him any questions, so I remained silent. I drew him away quietly, and he, holding my arm, came easily. We walked a little further, and then went in and sat for a while in the Green Park. It was a hot day for autumn, and there was a comfortable seat in a shady place. After a few minutes’ staring..."
43,The strange case of Dr. Jekyll and Mr. Hyde,"Stevenson, Robert Louis, 1850-1894",English,PR: Language and Literatures: English literature,Science fiction | Horror tales | London (England) -- Fiction | Physicians -- Fiction | Psychological fiction | Self-experimentation in medicine -- Fiction | Multiple personality -- Fiction,"Jun 27, 2008",https://www.gutenberg.org/ebooks/43,"""The Strange Case of Dr. Jekyll and Mr. Hyde"" by Robert Louis Stevenson is a Gothic horror novella published in 1886. When London lawyer Gabriel John Utterson investigates strange occurrences involving his old friend Dr. Henry Jekyll and a murderous criminal named Edward Hyde, he uncovers a disturbing mystery. This defining work of Gothic horror explores the duality of human nature and has profoundly influenced popular culture, making ""Jekyll and Hyde"" synonymous with hidden evil beneath respectable appearances.  ...",,"There was no mirror, at that date, in my room; that which stands beside
me as I write, was brought there later on and for the very purpose of
these transformations. The night however, was far gone into the
morning—the morning, black as it was, was nearly ripe for the
conception of the day—the inmates of my house were locked in the most
rigorous hours of slumber; and I determined, flushed as I was with hope
and triumph, to venture in my new shape as far as to my bedroom. I
crossed the yard, wherein the constellations looked down upon me, I
could have thought, with wonder, the first creature of that sort that
their unsleeping vigilance had yet disclosed to them; I stole through
the corridors, a stranger in my own house; and coming to my room, I saw
for the first time the appearance of Edward Hyde."
2641,A Room with a View,"Forster, E. M. (Edward Morgan), 1879-1970",English,PR: Language and Literatures: English literature,Humorous stories | England -- Fiction | Young women -- Fiction | British -- Italy -- Fiction | Florence (Italy) -- Fiction,"May 1, 2001",https://www.gutenberg.org/ebooks/2641,"""A Room with a View"" by E. M. Forster is a novel published in 1908. Young Lucy Honeychurch travels to Italy with her uptight cousin as chaperone, where an unexpected encounter with the unconventional George Emerson stirs confusing emotions. Back in England, Lucy becomes engaged to the sophisticated but pompous Cecil Vyse. When the Emersons move nearby, Lucy must confront her true feelings and decide between societal expectations and genuine passion in Edwardian England's restrained culture.  ...",,"“Well, it isn’t everyone who could boast such a conquest, dearest, is
it? Oh, one oughtn’t to laugh, really. It might have been very serious.
But you were so sensible and brave—so unlike the girls of my day.”

But, once in the open air, she paused. Some emotion—pity, terror, love,
but the emotion was strong—seized her, and she was aware of autumn.
Summer was ending, and the evening brought her odours of decay, the
more pathetic because they were reminiscent of spring. That something
or other mattered intellectually? A leaf, violently agitated, danced
past her, while other leaves lay motionless. That the earth was
hastening to re-enter darkness, and the shadows of those trees over
Windy Corner?"
145,Middlemarch,"Eliot, George, 1819-1880",English,PR: Language and Literatures: English literature,Didactic fiction | City and town life -- Fiction | England -- Fiction | Young women -- Fiction | Love stories | Domestic fiction | Married people -- Fiction | Bildungsromans,"Jul 1, 1994",https://www.gutenberg.org/ebooks/145,"""Middlemarch"" by George Eliot is a novel published in 1871-1872. Set in a fictional English Midlands town from 1829 to 1832, it weaves together multiple intersecting stories exploring the status of women, marriage, idealism, and political reform. The narrative follows Dorothea Brooke's search for purpose, Dr. Lydgate's medical ambitions, and several other inhabitants navigating love, debt, scandal, and social change against the backdrop of the approaching Reform Act of 1832.  ...",,"“Your mind is quite settled, then, Mary?” said Caleb, returning to his
first tone. “There’s no other wish come into it since things have been
going on as they have been of late?” (Caleb meant a great deal in that
vague phrase;) “because, better late than never. A woman must not force
her heart—she’ll do a man no good by that.”

“My feelings have not changed, father,” said Mary, calmly. “I shall be
constant to Fred as long as he is constant to me. I don’t think either
of us could spare the other, or like any one else better, however much
we might admire them. It would make too great a difference to us—like
seeing all the old places altered, and changing the name for
everything. We must wait for each other a long while; but Fred knows
that.”"
65238,The Secret of Chimneys,"Christie, Agatha, 1890-1976",English,PR: Language and Literatures: English literature,"Detective and mystery stories | Police -- England -- Fiction | Battle, Superintendent (Fictitious character) -- Fiction","May 3, 2021",https://www.gutenberg.org/ebooks/65238,"""The Secret of Chimneys"" by Agatha Christie is a suspenseful detective novel written in the early 20th century. The story introduces the charming Anthony Cade, who finds himself embroiled in a web of intrigue involving royal secrets and political machinations in a fictional Balkan nation known as Herzoslovakia. As he sets off on a journey to deliver a manuscript of memoirs, he stumbles into a world of blackmail, missing persons, and a potential restoration of a monarchy. At the start of the novel, we meet Anthony Cade while he is working as a tour guide in Africa, where he encounters an old friend, Jimmy McGrath. After a light-hearted exchange, McGrath reveals a plan that involves the delivery of Count Stylptitch's memoirs to a publisher in London, which promises a reward of a thousand pounds. Intrigued, Anthony agrees to take on the task, unaware of the dangerous implications, including confrontation with various factions, including a mysterious former royal and potential assassins. The opening sets the stage for a captivating interplay of romance, adventure, and the classic whodunit elements that Agatha Christie is known for.  ...",,"“There’s nothing much to explain,” said Anthony modestly. “I went to Dover and Fish followed me under the impression that I was King Victor. We found a mysterious stranger imprisoned there, and as soon as we heard his story we knew where we were. The same idea again, you see. The real man kidnapped, and the false one—in this case King Victor himself—takes his place. But it seems that Battle here always thought there was something fishy about his French colleague, and wired to Paris for his fingerprints and other means of identification.” “It was a clever idea,” said Anthony. “I admired it so much that I felt forced to play up. Besides, my doing so puzzled the false Lemoine enormously. You see, as soon as I had given the tip about the ‘rows’ and where the jewel really was, he was keen to pass on the news to his accomplice, and at the same time to keep us all in that room. The note was really to Mademoiselle Brun. He told Tredwell to deliver it at once, and Tredwell did so by taking it upstairs to the schoolroom. Lemoine accused me of being King Victor, by that means creating..."
3268,The Mysteries of Udolpho,"Radcliffe, Ann Ward, 1764-1823",English,PR: Language and Literatures: English literature,Orphans -- Fiction | Horror tales | Inheritance and succession -- Fiction | Young women -- Fiction | Gothic fiction | Guardian and ward -- Fiction | Castles -- Fiction | Italy -- Fiction,"Jun 1, 2002",https://www.gutenberg.org/ebooks/3268,"""The Mysteries of Udolpho"" by Ann Radcliffe is a Gothic novel published in 1794. Young Emily St. Aubert endures a cascade of misfortunes after her parents' deaths, finding herself trapped in a sinister Italian castle controlled by the menacing Montoni. Surrounded by mysterious terrors, hidden secrets, and supernatural phenomena, Emily must navigate perilous intrigues while separated from her beloved Valancourt. This archetypal Gothic tale weaves romance, suspense, and dark mysteries through remote castles and haunted landscapes.  ...",,"Dorothée promised to return, on the following night, with the keys of
the chambers, and then wished Emily good repose, and departed. Emily,
however, continued at the window, musing upon the melancholy fate of
the Marchioness and listening, in awful expectation, for a return of
the music. But the stillness of the night remained long unbroken,
except by the murmuring sounds of the woods, as they waved in the
breeze, and then by the distant bell of the convent, striking one. She
now withdrew from the window, and, as she sat at her bedside, indulging
melancholy reveries, which the loneliness of the hour assisted, the
stillness was suddenly interrupted not by music, but by very uncommon
sounds, that seemed to come either from the room adjoining her own, or
from one below. The terrible catastrophe that had been related to her,
together with the mysterious circumstances said to have since occurred
in the château, had so much shocked her spirits, that she now sunk for
a moment under the weakness of superstition. The sounds, however, did
not return, and she retired, to forget in sleep the disastrous story
she had heard."
67979,The Blue Castle: a novel,"Montgomery, L. M. (Lucy Maud), 1874-1942",English,PS: Language and Literatures: American and Canadian literature,Self-actualization (Psychology) -- Fiction | Single women -- Fiction | Canada -- History -- 1914-1945 -- Fiction | Romance fiction | Love -- Fiction | Young adult fiction | Choice (Psychology) -- Fiction,"May 3, 2022",https://www.gutenberg.org/ebooks/67979,"""The Blue Castle: a novel by L. M. Montgomery"" is a novel published in 1926. Twenty-nine-year-old Valancy Stirling has spent her entire life suffocated by her controlling family's expectations. When she receives a shocking medical diagnosis, she decides to finally break free and live on her own terms. She scandalizes her relatives by speaking her mind, moving out, and eventually proposing marriage to the mysterious and supposedly disreputable Barney Snaith. Together they build a new life on a remote island—but secrets still linger.  ...",,"Valancy sat up straight. She talked to her mother and Cousin Stickles
of the things they always talked of. She never wondered what would
happen if she tried to talk of something else. She knew. Therefore she
never did it.

Mrs. Frederick was offended with Providence for sending a rainy day
when she wanted to go to a picnic, so she ate her breakfast in a sulky
silence for which Valancy was rather grateful. But Christine Stickles
whined endlessly on as usual, complaining about everything—the weather,
the leak in the pantry, the price of oatmeal and butter—Valancy felt at
once she had buttered her toast too lavishly—the epidemic of mumps in
Deerwood."
37106,"Little Women; Or, Meg, Jo, Beth, and Amy","Alcott, Louisa May, 1832-1888",English,PS: Language and Literatures: American and Canadian literature,Autobiographical fiction | Young women -- Fiction | Sisters -- Fiction | Domestic fiction | Family life -- New England -- Fiction | New England -- Fiction | Bildungsromans | Mothers and daughters -- Fiction | March family (Fictitious characters) -- Fiction,"Aug 16, 2011",https://www.gutenberg.org/ebooks/37106,"""Little Women; Or, Meg, Jo, Beth, and Amy"" by Louisa May Alcott is a coming-of-age novel published in 1868-1869. The story follows four sisters—Meg, Jo, Beth, and Amy March—as they navigate the passage from childhood to womanhood in Civil War-era Massachusetts. Loosely based on Alcott's own family, the novel explores themes of domesticity, work, and love while depicting the joys and struggles of nineteenth-century women's lives. Through their adventures and challenges, the March sisters embody different aspects of young American womanhood.  ...",,"While Laurie and Amy were taking conjugal strolls over velvet carpets,
as they set their house in order, and planned a blissful future, Mr.
Bhaer and Jo were enjoying promenades of a different sort, along muddy
roads and sodden fields.

""I always do take a walk toward evening, and I don't know why I should
give it up, just because I often happen to meet the Professor on his way
out,"" said Jo to herself, after two or three encounters; for, though
there were two paths to Meg's, whichever one she took she was sure to
meet him, either going or returning. He was always walking rapidly, and
never seemed to see her till quite close, when he would look as if his
short-sighted eyes had failed to recognize the approaching lady till
that moment. Then, if she was going to Meg's, he always had something
for the babies; if her face was turned homeward, he had merely strolled
down to see the river, and was just about returning, unless they were
tired of his frequent calls."
1260,Jane Eyre: An Autobiography,"Brontë, Charlotte, 1816-1855",English,PR: Language and Literatures: English literature,Orphans -- Fiction | England -- Fiction | Young women -- Fiction | Love stories | Governesses -- Fiction | Fathers and daughters -- Fiction | Mentally ill women -- Fiction | Charity-schools -- Fiction | Married people -- Fiction | Country homes -- Fiction | Bildungsromans,"Mar 1, 1998",https://www.gutenberg.org/ebooks/1260,"""Jane Eyre: An Autobiography"" by Charlotte Brontë is a novel published in 1847. It follows the life of Jane Eyre from her oppressed childhood through her education and into adulthood, where she becomes governess at Thornfield Hall and falls in love with the mysterious Mr. Rochester. Told through intimate first-person narrative, this groundbreaking bildungsroman explores moral and spiritual development while addressing class, religion, sexuality, and feminism. The story unfolds across five distinct stages, each shaping Jane's journey toward independence and belonging.  ...",,"I was left there alone—winner of the field. It was the hardest battle I
had fought, and the first victory I had gained: I stood awhile on the
rug, where Mr. Brocklehurst had stood, and I enjoyed my conqueror’s
solitude. First, I smiled to myself and felt elate; but this fierce
pleasure subsided in me as fast as did the accelerated throb of my
pulses. A child cannot quarrel with its elders, as I had done; cannot
give its furious feelings uncontrolled play, as I had given mine,
without experiencing afterwards the pang of remorse and the chill of
reaction. A ridge of lighted heath, alive, glancing, devouring, would
have been a meet emblem of my mind when I accused and menaced Mrs.
Reed: the same ridge, black and blasted after the flames are dead,
would have represented as meetly my subsequent condition, when
half-an-hour’s silence and reflection had shown me the madness of my
conduct, and the dreariness of my hated and hating position."
2465,Carmen,"Mérimée, Prosper, 1803-1870",English,"PQ: Language and Literatures: Romance literatures: French, Italian, Spanish, Portuguese",Spain -- Social life and customs -- 19th century -- Fiction | Carmen (Fictitious character) -- Fiction,"Mar 28, 2006",https://www.gutenberg.org/ebooks/2465,"""Carmen"" by Prosper Mérimée is a novella written and first published in 1845. In the lonely hills of Andalusia, a scholar meets a notorious outlaw named Don José, who tells the tale of his tragic downfall. His story revolves around Carmen, a captivating Romani woman whose fierce independence and refusal to be tamed leads to jealousy, violence, and death. This dark narrative of passion and fate later inspired Bizet's famous opera.  ...",,"“The whole party was assembled in the _patio_, and in spite of the crowd
I could see nearly everything that went on through the lattice.* I
could hear the castanets and the tambourine, the laughter and applause.
Sometimes I caught a glimpse of her head as she bounded upward with her
tambourine. Then I could hear the officers saying many things to her
which brought the blood to my face. As to her answers, I knew nothing
of them. It was on that day, I think, that I began to love her in
earnest--for three or four times I was tempted to rush into the _patio_,
and drive my sword into the bodies of all the coxcombs who were making
love to her. My torture lasted a full hour; then the gipsies came out,
and the carriage took them away. As she passed me by, Carmen looked at
me with those eyes you know, and said to me very low, ‘Comrade, people
who are fond of good _fritata_ come to eat it at Lillas Pastia’s at
Triana!’"
59828,"The String of Pearls; Or, The Barber of Fleet Street. A Domestic Romance.","Prest, Thomas Peckett, 1810-1859",English,PR: Language and Literatures: English literature,"Historical fiction | Horror tales | Revenge -- Fiction | Young women -- Fiction | Missing persons -- Fiction | Suspense fiction | Murder -- Fiction | Mystery fiction | Todd, Sweeney (Legendary character) -- Fiction | Barbers -- Fiction | Bakers -- Fiction | Cannibalism -- Fiction | Fleet Street (London, England) -- Fiction | London (England) -- Social life and customs -- 18th century -- Fiction | Penny dreadfuls","Jun 28, 2019",https://www.gutenberg.org/ebooks/59828,"""The String of Pearls; Or, The Barber of Fleet Street. A Domestic Romance."" by Rymer et al. is a penny dreadful serial published from 1846 to 1847. This tale introduces Sweeney Todd, the murderous barber of Fleet Street who kills his customers and delivers their corpses to Mrs. Lovett, who bakes the flesh into meat pies. When a sailor mysteriously disappears after visiting Todd's shop, friends and loved ones investigate, uncovering a horrifying secret beneath St. Dunstan's church that reveals the true scale of Todd's crimes.  ...",,
2868,The Green Mummy,"Hume, Fergus, 1859-1932",English,PR: Language and Literatures: English literature,Fiction | Detective and mystery stories,"Oct 1, 2001",https://www.gutenberg.org/ebooks/2868,"""The Green Mummy"" by Fergus Hume is a novel likely written during the late 19th century. The story revolves around a young couple, Archie Hope and Lucy Kendal, as they navigate romance against a backdrop filled with mystery and intrigue, particularly centering on a rare mummy that Lucy's archaeologist stepfather, Professor Braddock, is eager to acquire. At the start of the novel, readers are introduced to Archie and Lucy, who share a playful yet serious conversation about their engagement. Archie reveals the lengths he has gone to in order to gain Professor Braddock’s consent to marry Lucy, involving the purchase of a valuable Peruvian mummy from Malta. Their lighthearted banter is soon overshadowed by more foreboding concerns regarding the mysterious mummy, as Lucy expresses unease about her stepfather's obsession with archaeology. The opening establishes a combination of romantic elements and hints at darker, unforeseen complications, setting the stage for a larger mystery involving the disappearance of the mummy and the tragic fate of Braddock’s assistant, which subsequently unfolds.  ...",,
244,A Study in Scarlet,"Doyle, Arthur Conan, 1859-1930",English,PR: Language and Literatures: English literature,"Holmes, Sherlock (Fictitious character) -- Fiction | Private investigators -- England -- Fiction | Detective and mystery stories | England -- Fiction","Apr 1, 1995",https://www.gutenberg.org/ebooks/244,"""A Study in Scarlet"" by Arthur Conan Doyle is a detective novel published in 1887. This groundbreaking work introduces Sherlock Holmes and Dr. Watson as they investigate a mysterious murder in London. When a man is found dead with the word ""RACHE"" written in blood, Holmes must unravel the scarlet thread of murder running through the case. The investigation leads to a dramatic tale of revenge spanning two continents, connecting a London crime scene to events in Utah's Salt Lake Valley decades earlier.  ...",,
45839,Dracula,"Stoker, Bram, 1847-1912",English,PR: Language and Literatures: English literature,"Horror tales | Epistolary fiction | Gothic fiction | Vampires -- Fiction | Dracula, Count (Fictitious character) -- Fiction | Transylvania (Romania) -- Fiction | Whitby (England) -- Fiction","May 30, 2014",https://www.gutenberg.org/ebooks/45839,"""Dracula"" by Bram Stoker is a Gothic horror novel published in 1897. Told through letters, diary entries, and newspaper articles, the story follows solicitor Jonathan Harker's terrifying encounter with Count Dracula in Transylvania. When the vampire Count flees to England and begins stalking victims in Whitby, a small group led by Professor Abraham Van Helsing must hunt him down. Drawing from folklore and history, Stoker created what became the seminal work of vampire fiction and the most portrayed literary character in history.  ...",,
62215,Le Fantôme de l'Opéra,"Leroux, Gaston, 1868-1927",French,"PQ: Language and Literatures: Romance literatures: French, Italian, Spanish, Portuguese",Horror tales | Musical fiction | Opera -- Fiction | Paris (France) -- Fiction | Composers -- Fiction | Phantom of the Opera (Fictitious character) -- Fiction | French fiction -- 20th century,"May 24, 2020",https://www.gutenberg.org/ebooks/62215,"""Le Fantôme de l'Opéra"" by Gaston Leroux is a Gothic horror novel first published in 1909-1910. Set in the Paris Opera House, the story follows mysterious events surrounding a disfigured figure known as the Phantom. When young soprano Christine Daaé captures his obsession, a dangerous love triangle emerges between Christine, the Phantom, and her childhood love Raoul. As the Phantom's demands grow darker and more desperate, lives hang in the balance beneath the opera house.  ...",,
2852,The Hound of the Baskervilles,"Doyle, Arthur Conan, 1859-1930",English,PR: Language and Literatures: English literature,"Holmes, Sherlock (Fictitious character) -- Fiction | Private investigators -- England -- Fiction | Dogs -- Fiction | Detective and mystery stories | Blessing and cursing -- Fiction | Dartmoor (England) -- Fiction","Oct 1, 2001",https://www.gutenberg.org/ebooks/2852,"""The Hound of the Baskervilles"" by Arthur Conan Doyle is a crime novel serialized from 1901 to 1902. Sherlock Holmes and Watson investigate a centuries-old legend of a demonic hound haunting the Baskerville family on the desolate moors of Dartmoor. When Sir Charles Baskerville dies under mysterious circumstances, his heir Sir Henry arrives from Canada to claim his inheritance—only to face strange threats and supernatural dangers. Holmes must determine whether the curse is real or if a cunning murderer lurks behind the legend.  ...",,
1184,The Count of Monte Cristo,"Maquet, Auguste, 1813-1888",English,"PQ: Language and Literatures: Romance literatures: French, Italian, Spanish, Portuguese","Historical fiction | Revenge -- Fiction | Adventure stories | Prisoners -- Fiction | France -- History -- 19th century -- Fiction | Pirates -- Fiction | Dantès, Edmond (Fictitious character) -- Fiction","Jan 1, 1998",https://www.gutenberg.org/ebooks/1184,"""The Count of Monte Cristo"" by Alexandre Dumas and Auguste Maquet is an adventure novel serialized from 1844 to 1846. When sailor Edmond Dantès is falsely accused and imprisoned on his wedding day, he spends fourteen years in solitary confinement. After a daring escape and the discovery of a vast hidden treasure, he reinvents himself as the wealthy Count of Monte Cristo. Returning to Paris, he methodically infiltrates high society to confront the three men who destroyed his life, exploring themes of justice, vengeance, mercy, and forgiveness.  ...",,
564,The Mystery of Edwin Drood,"Dickens, Charles, 1812-1870",English,PR: Language and Literatures: English literature,England -- Fiction | Psychological fiction | Triangles (Interpersonal relations) -- Fiction | Cathedrals -- Fiction | Missing persons -- Fiction | Choral conductors -- Fiction | Separation (Psychology) -- Fiction | Mystery fiction,"Jun 1, 1996",https://www.gutenberg.org/ebooks/564,"""The Mystery of Edwin Drood"" by Charles Dickens is a novel published in 1870. Dickens's final and unfinished work centers on John Jasper, a cathedral choirmaster and opium addict who desires his pupil Rosa Bud—the fiancée of his nephew Edwin Drood. When Edwin vanishes mysteriously after a tense reconciliation dinner with his rival Neville Landless, suspicion falls on Neville while Jasper's dark obsessions deepen. Set in the cathedral town of Cloisterham, this mystery remains unsolved, as Dickens died before revealing its conclusion.  ...",,
42,The strange case of Dr. Jekyll and Mr. Hyde,"Stevenson, Robert Louis, 1850-1894",English,PR: Language and Literatures: English literature,Science fiction | Horror tales | London (England) -- Fiction | Physicians -- Fiction | Psychological fiction | Self-experimentation in medicine -- Fiction | Multiple personality -- Fiction,"Oct 1, 1992",https://www.gutenberg.org/ebooks/42,"""The Strange Case of Dr. Jekyll and Mr. Hyde"" by Robert Louis Stevenson is a Gothic horror novella published in 1886. When London lawyer Gabriel John Utterson investigates strange occurrences involving his old friend Dr. Henry Jekyll and a murderous criminal named Edward Hyde, he uncovers a disturbing mystery. This defining work of Gothic horror explores the duality of human nature, examining how good and evil can intertwine within a single person. The story's impact endures today, with ""Jekyll and Hyde"" becoming synonymous with those who possess hidden, shocking darkness.  ...",,
1695,The Man Who Was Thursday: A Nightmare,"Chesterton, G. K. (Gilbert Keith), 1874-1936",English,PR: Language and Literatures: English literature,Fantasy fiction | Detective and mystery stories | London (England) -- Fiction | Anarchists -- Fiction | Allegories | Police -- Fiction,"Apr 1, 1999",https://www.gutenberg.org/ebooks/1695,"""The Man Who Was Thursday: A Nightmare"" by G. K. Chesterton is a philosophical novel with elements of adventure and satire, written in the late 19th century. The story revolves around the enigmatic character Gabriel Syme, a police detective who infiltrates a group of anarchists in London to uncover their plans and identities. As the narrative unfolds, it explores complex themes of order, chaos, and the nature of evil, often through witty dialogue and absurd situations that challenge conventional thinking. At the start of the novel, readers are introduced to the suburb of Saffron Park, with its colorful and eccentric inhabitants, primarily poets and artists. One evening, during a striking sunset, the anarchistic poet Lucian Gregory meets Gabriel Syme, who surprises him with bold arguments in favor of law and order, challenging Gregory's views. Their conversation escalates into a duel of ideologies when Gregory reveals his deep commitment to anarchism, which leads to a confrontation between the two. In a twist of fate, Syme's true identity as a detective is disclosed, and as he joins the anarchists disguised as one of them, the stage is set for a profound exploration of the philosophical conflict between chaos and structure in society.  ...",,
47530,"Oliver Twist, Vol. 2 (of 3)","Dickens, Charles, 1812-1870",English,PR: Language and Literatures: English literature,Orphans -- Fiction | London (England) -- Fiction | Bildungsromans | Boys -- Fiction | Criminals -- Fiction | Kidnapping victims -- Fiction,"Dec 4, 2014",https://www.gutenberg.org/ebooks/47530,"""Oliver Twist, Vol. 2 (of 3)"" by Charles Dickens is a novel originally published serially from 1837 to 1839. This second volume continues the journey of orphan Oliver Twist through London's criminal underworld. After escaping a workhouse, Oliver falls into the hands of Fagin's gang of pickpockets but finds refuge with the kind Mr. Brownlow. As mysterious forces conspire to hide Oliver's true parentage, he becomes entangled in robbery, betrayal, and violence that will determine his fate and uncover long-buried family secrets.  ...",oliver twist vol 2 of 3|dickens charles 1812 1870,
209,The Turn of the Screw,"James, Henry, 1843-1916",English,PS: Language and Literatures: American and Canadian literature,England -- Fiction | Psychological fiction | Governesses -- Fiction | Ghost stories | Children -- Fiction,"Feb 1, 1995",https://www.gutenberg.org/ebooks/209,"""The Turn of the Screw"" by Henry James is a gothic horror novella published in 1898. A young governess arrives at a remote country estate to care for two children, only to become convinced that supernatural forces haunt the grounds. As she witnesses mysterious figures and grows increasingly alarmed by the children's behavior, the line between reality and imagination blurs. This unsettling tale has captivated readers for over a century with its deliberate ambiguity, leaving the true nature of the horror chillingly uncertain.  ...",the turn of the screw|james henry 1843 1916,
69087,The murder of Roger Ackroyd,"Christie, Agatha, 1890-1976",English,PR: Language and Literatures: English literature,"Private investigators -- England -- Fiction | Detective and mystery stories | Murder -- Investigation -- Fiction | Belgians -- England -- Fiction | Poirot, Hercule (Fictitious character) -- Fiction","Oct 2, 2022",https://www.gutenberg.org/ebooks/69087,"""The Murder of Roger Ackroyd"" by Agatha Christie is a detective novel published in 1926. When wealthy Roger Ackroyd is found stabbed in his study, the recently retired Hercule Poirot is called to investigate. The victim had recently learned the identity of a blackmailer from his fiancée, a widow who poisoned her husband. As Poirot unravels a complex web of secrets among the household guests and staff, the novel's narrator, local doctor James Sheppard, chronicles the investigation that leads to one of detective fiction's most controversial and groundbreaking conclusions.  ...",the murder of roger ackroyd|christie agatha 1890 1976,
6133,"The Extraordinary Adventures of Arsène Lupin, Gentleman-Burglar","Leblanc, Maurice, 1864-1941",English,"PQ: Language and Literatures: Romance literatures: French, Italian, Spanish, Portuguese","Short stories | Burglars -- Fiction | Lupin, Arsène (Fictitious character) -- Fiction | Adventure stories, French -- Translations into English | Mystery and detective stories","Jul 1, 2004",https://www.gutenberg.org/ebooks/6133,"""The Extraordinary Adventures of Arsène Lupin, Gentleman-Burglar"" by Maurice Leblanc is a collection of stories published in 1907. This debut collection introduces the charming and cunning Arsène Lupin, a master thief who outsmarts police and high society alike. Through nine tales of daring heists, clever disguises, and audacious escapes, Lupin proves himself an unmatched criminal genius. From shipboard robberies to prison breaks, he taunts authorities—including a famous English detective—while stealing priceless treasures with impeccable style and wit.  ...",the extraordinary adventures of arsene lupin gentleman burglar|leblanc maurice 1864 1941,
64317,The Great Gatsby,"Fitzgerald, F. Scott (Francis Scott), 1896-1940",English,PS: Language and Literatures: American and Canadian literature,Psychological fiction | First loves -- Fiction | Married women -- Fiction | Rich people -- Fiction | Long Island (N.Y.) -- Fiction,"Jan 17, 2021",https://www.gutenberg.org/ebooks/64317,"""The Great Gatsby"" by F. Scott Fitzgerald is a novel published in 1925. Set in the Jazz Age on Long Island, it follows narrator Nick Carraway as he becomes drawn into the world of his mysterious neighbor, Jay Gatsby, a wealthy millionaire who throws extravagant parties. Gatsby harbors an obsession with reuniting with Daisy Buchanan, a woman from his past now married to the affluent Tom. The story captures the glamour, excess, and moral complexities of 1920s America.  ...",the great gatsby|fitzgerald f scott francis scott 1896 1940,
21839,Sense and Sensibility,"Austen, Jane, 1775-1817",English,PR: Language and Literatures: English literature,England -- Social life and customs -- 19th century -- Fiction | Inheritance and succession -- Fiction | England -- Fiction | Young women -- Fiction | Love stories | Sisters -- Fiction | Domestic fiction | Mate selection -- Fiction | Social classes -- Fiction | Gentry -- England -- Fiction | Regency fiction,"Jun 15, 2007",https://www.gutenberg.org/ebooks/21839,"""Sense and Sensibility"" by Jane Austen is a novel published in 1811. When the Dashwood sisters are forced from their family estate into reduced circumstances, two very different personalities face the trials of love and heartbreak. Elinor embodies prudent sense while Marianne follows passionate sensibility. As romantic attachments form and unravel, both sisters must navigate social expectations, financial realities, and the painful gap between appearance and truth in matters of the heart.  ...",sense and sensibility|austen jane 1775 1817,
863,The Mysterious Affair at Styles,"Christie, Agatha, 1890-1976",English,PR: Language and Literatures: English literature,"Private investigators -- England -- Fiction | Detective and mystery stories | Belgians -- England -- Fiction | Poirot, Hercule (Fictitious character) -- Fiction","Mar 1, 1997",https://www.gutenberg.org/ebooks/863,"""The Mysterious Affair at Styles"" by Agatha Christie is a detective novel written in the early 20th century. The story centers around the mysterious death of an elderly matriarch, Mrs. Inglethorp, at Styles Court, her estate in Essex, and the subsequent investigation into the incident. The main character is Captain Arthur Hastings, who narrates the tale and has a close association with the famed Belgian detective Hercule Poirot, who takes on the role of sleuthing to uncover the truth surrounding Mrs. Inglethorp's demise. The beginning of the novel introduces Captain Hastings, who has returned from the front lines of World War I for a period of convalescence. He visits Styles Court at the invitation of an old acquaintance, John Cavendish, only to find himself embroiled in the complex family dynamics and tensions at play within the household. Mrs. Inglethorp's recent marriage to a much younger man, Alfred, triggers friction among the family members, particularly with her stepchildren, John and Lawrence. The narrative foreshadows underlying tensions that have escalated into a quarrel just before the tragedy strikes. Mrs. Inglethorp's sudden and dramatic transformation from a commanding presence to that of a victim sets the stage for an investigation marked by motives of greed, jealousy, and potential foul play. As Hastings recounts the sinister atmosphere enveloping Styles Court, it becomes clear that nothing is as it seems, and Poirot's keen observational skills will be needed to piece together the puzzle of the murder.  ...",the mysterious affair at styles|christie agatha 1890 1976,
601,The Monk: A Romance,"Lewis, M. G. (Matthew Gregory), 1775-1818",English,PR: Language and Literatures: English literature,Horror tales | Gothic fiction | Monks -- Fiction | Madrid (Spain) -- Fiction,"Jul 1, 1996",https://www.gutenberg.org/ebooks/601,"""The Monk: A Romance"" by M. G. Lewis is a Gothic novel published in 1796. It follows Ambrosio, a virtuous monk who succumbs to forbidden desires when a mysterious figure infiltrates his monastery. His fall from grace spirals into a dark tale of lust, murder, and demonic pacts. Scandalous for its sexually explicit content and themes of rape and incest, it became the most controversial Gothic novel of the 18th century, shocking readers while achieving immense popularity and influencing the horror genre.  ...",the monk a romance|lewis m g matthew gregory 1775 1818,
175,The Phantom of the Opera,"Leroux, Gaston, 1868-1927",English,"PQ: Language and Literatures: Romance literatures: French, Italian, Spanish, Portuguese",Horror tales | Musical fiction | Opera -- Fiction | Paris (France) -- Fiction | Composers -- Fiction | Phantom of the Opera (Fictitious character) -- Fiction | French fiction -- Translations into English,"Oct 1, 1994",https://www.gutenberg.org/ebooks/175,"""The Phantom of the Opera"" by Gaston Leroux is a Gothic horror novel first published in 1909-1910. Set beneath the grand Paris Opera House, the story follows a mysterious, disfigured figure known as the Phantom who haunts the theater's depths. When he becomes obsessed with a young soprano named Christine Daaé, a dangerous love triangle emerges involving her childhood friend Raoul. As the Phantom's demands grow more violent and his jealousy intensifies, Christine finds herself trapped between two worlds—one above ground, one in the shadows below.  ...",the phantom of the opera|leroux gaston 1868 1927,
28054,The Brothers Karamazov,"Dostoyevsky, Fyodor, 1821-1881",English,"PG: Language and Literatures: Slavic (including Russian), Languages and Literature",Didactic fiction | Fathers and sons -- Fiction | Russia -- Social life and customs -- 1533-1917 -- Fiction | Brothers -- Fiction,"Feb 12, 2009",https://www.gutenberg.org/ebooks/28054,"""The Brothers Karamazov"" by Fyodor Dostoevsky is a novel published between 1879 and 1880. Set in 19th-century Russia, this passionate philosophical work explores profound questions of God, free will, and morality. The story revolves around the volatile Karamazov family: a disreputable father and his three sons—sensual Dmitri, intellectual Ivan, and idealistic Alyosha. As tensions escalate over inheritance and romantic entanglements, the novel delves into faith, doubt, and reason, with patricide at the heart of its dramatic plot.  ...",the brothers karamazov|dostoyevsky fyodor 1821 1881,
1259,Twenty years after,"Maquet, Auguste, 1813-1888",English,"PQ: Language and Literatures: Romance literatures: French, Italian, Spanish, Portuguese","France -- History -- Louis XIV, 1643-1715 -- Fiction","Mar 1, 1998",https://www.gutenberg.org/ebooks/1259,"""Twenty years after"" by Alexandre Dumas and Auguste Maquet is a novel serialized from January to August 1845. D'Artagnan, still a lowly lieutenant after two decades, is summoned by the despised Cardinal Mazarin during France's brewing rebellion. Tasked with reuniting the legendary musketeers, he tracks down his old friends—now scattered across vastly different lives. As political turmoil engulfs both France and England during the English Civil War, the four heroes must navigate their conflicting loyalties and set aside their differences for one last mission.  ...",twenty years after|maquet auguste 1813 1888,
16389,The Enchanted April,"Von Arnim, Elizabeth, 1866-1941",English,PR: Language and Literatures: English literature,Love stories | Domestic fiction | Italy -- Fiction | Female friendship -- Fiction | British -- Italy -- Fiction,"Jul 29, 2005",https://www.gutenberg.org/ebooks/16389,"""The Enchanted April"" by Elizabeth von Arnim is a novel published in 1922. Four dissimilar women escape their dreary lives in 1920s England for a month-long holiday at a medieval Italian castle. Mrs. Arbuthnot and Mrs. Wilkins struggle with unhappy marriages, Lady Caroline seeks refuge from shallow London society, and elderly Mrs. Fisher clings to her Victorian past. Despite initial tensions, the tranquil Mediterranean setting begins to work its magic on each woman, offering possibilities for transformation and renewal.  ...",the enchanted april|von arnim elizabeth 1866 1941,
174,The Picture of Dorian Gray,"Wilde, Oscar, 1854-1900",English,PR: Language and Literatures: English literature,"Didactic fiction | Supernatural -- Fiction | Conduct of life -- Fiction | Portraits -- Fiction | Great Britain -- History -- Victoria, 1837-1901 -- Fiction | London (England) -- History -- 1800-1950 -- Fiction | Appearance (Philosophy) -- Fiction | Paranormal fiction","Oct 1, 1994",https://www.gutenberg.org/ebooks/174,"""The Picture of Dorian Gray"" by Oscar Wilde is a philosophical fiction and Gothic horror novel published in 1890. When a beautiful young man wishes that his portrait would age instead of himself, his desire becomes terrifyingly real. As Dorian pursues a life of pleasure and moral corruption, he remains eternally youthful while his painted image transforms into a horrifying record of his sins. Wilde explores beauty, morality, and the dangerous influence of hedonistic philosophy in this tale of vanity and its consequences.  ...",the picture of dorian gray|wilde oscar 1854 1900,
2097,The Sign of the Four,"Doyle, Arthur Conan, 1859-1930",English,PR: Language and Literatures: English literature,"Holmes, Sherlock (Fictitious character) -- Fiction | Private investigators -- England -- Fiction | Detective and mystery stories","Mar 1, 2000",https://www.gutenberg.org/ebooks/2097,"""The Sign of the Four"" by Arthur Conan Doyle is a detective novel published in 1890. When Mary Morstan seeks Sherlock Holmes's help regarding her missing father and mysterious annual gifts of pearls, the investigation leads to a buried treasure, a vengeful one-legged man, and murder. Holmes and Watson must pursue suspects through London, unraveling a decades-old conspiracy that stretches from India's colonial past to the Thames. The case tests both Holmes's deductive powers and Watson's loyalty to their intriguing client.  ...",the sign of the four|doyle arthur conan 1859 1930,
583,The Woman in White,"Collins, Wilkie, 1824-1889",English,PR: Language and Literatures: English literature,Inheritance and succession -- Fiction | England -- Fiction | Psychological fiction | Love stories | Country homes -- Fiction | Gothic fiction | Nobility -- Fiction | Deception -- Fiction | Art teachers -- Fiction | Psychiatric hospital patients -- Fiction,"Jul 1, 1996",https://www.gutenberg.org/ebooks/583,"""The Woman in White"" by Wilkie Collins is a mystery novel written in 1860. When a young drawing teacher encounters a mysterious woman dressed entirely in white on a London street, he unknowingly steps into a web of secrets and conspiracy. His new position teaching at an English estate draws him deeper into danger as he discovers sinister connections between the strange woman, his beautiful student, and her wealthy fiancé. Identity, deception, and a desperate fight for truth drive this early detective story.  ...",the woman in white|collins wilkie 1824 1889,
155,The Moonstone,"Collins, Wilkie, 1824-1889",English,PR: Language and Literatures: English literature,England -- Fiction | Country homes -- Fiction | Police -- England -- Fiction | Jewelry theft -- Fiction | East Indians -- England -- Fiction | Mystery fiction,"Jan 12, 2006",https://www.gutenberg.org/ebooks/155,"""The Moonstone"" by Wilkie Collins is a novel published in 1868. A cursed Indian diamond, stolen during a colonial siege, arrives as an inheritance for young Rachel Verinder on her eighteenth birthday. That night, the precious stone vanishes from her bedroom, launching a complex investigation involving suspicious servants, mysterious Indian priests, and shocking betrayals. This pioneering detective story unfolds through multiple narrators, each revealing new layers of deception as they race to solve the theft and recover the legendary gem.  ...",the moonstone|collins wilkie 1824 1889,
40284,The Sex Life of the Gods,"Knerr, M. E. (Michael E.), 1936-1999",English,PS: Language and Literatures: American and Canadian literature,Science fiction | Extraterrestrial beings -- Fiction,"Jul 20, 2012",https://www.gutenberg.org/ebooks/40284,"""The Sex Life of the Gods"" by M. E. Knerr is a science fiction novel written in the early 1960s. The story intricately weaves themes of amnesia, mystery, and romance, centering around the protagonist, Nick Danson, who awakens near the wreckage of a mysterious aircraft with no memory of his past. As Nick navigates the complexities of his relationship with his wife, Beth, he is also pursued by unknown figures and burdened with the task of uncovering the truth about his identity and the circumstances surrounding his disappearance. At the start of the narrative, Nick regains consciousness in a forest, realizing he has survived a plane crash but has lost all recollections of his life, including details about the enigmatic woman he discovers is his wife, Beth. As he attempts to piece together fragments of his past, including the possibility of being linked to a strange craft recovered by authorities, readers are introduced to Beth's unwavering hope for Nick's return and the growing tension surrounding their reunion. The intrigue heightens further with the presence of government agents investigating the crash, prompting a mix of thrills and suspense as Nick grapples with his lost memories and the bizarre life he may have unknowingly led.  ...",the sex life of the gods|knerr m e michael e 1936 1999,
6593,"History of Tom Jones, a Foundling","Fielding, Henry, 1707-1754",English,PR: Language and Literatures: English literature,Humorous stories | England -- Fiction | Bildungsromans | Young men -- Fiction | Foundlings -- Fiction | Identity (Psychology) -- Fiction,"Sep 1, 2004",https://www.gutenberg.org/ebooks/6593,"""History of Tom Jones, a Foundling"" by Henry Fielding is a comic novel published in 1749. This picaresque tale follows Tom, an abandoned baby raised by the wealthy Squire Allworthy, as he grows into a spirited youth who falls in love with his neighbor's daughter, Sophia Western. When jealous schemes and his status as a foundling threaten their romance, Tom is banished and embarks on adventurous travels across Britain. Mysteries of birth, cases of mistaken identity, and unexpected revelations converge in this intricately plotted story of love and fortune.  ...",history of tom jones a foundling|fielding henry 1707 1754,
394,Cranford,"Gaskell, Elizabeth Cleghorn, 1810-1865",English,PR: Language and Literatures: English literature,England -- Fiction | Sisters -- Fiction | Pastoral fiction | Villages -- Fiction | Older women -- Fiction | Female friendship -- Fiction,"Jan 1, 1996",https://www.gutenberg.org/ebooks/394,"""Cranford"" by Elizabeth Cleghorn Gaskell is an episodic novel published in 1853. Set in a small English country town, the work affectionately portrays a society of elderly women navigating genteel poverty and rigid social codes in a world slowly changing around them. Through the eyes of visitor Mary Smith, readers encounter the ""Amazons"" of Cranford—widows and spinsters maintaining appearances through ""elegant economy"" while resisting the industrial age creeping beyond their boundaries. This gentle chronicle explores class, tradition, and the gradual shift from rank-based society toward human kindness.  ...",cranford|gaskell elizabeth cleghorn 1810 1865,
6761,The Adventures of Ferdinand Count Fathom — Complete,"Smollett, T. (Tobias), 1721-1771",English,PR: Language and Literatures: English literature,Gothic fiction | Adventure stories,"Sep 9, 2004",https://www.gutenberg.org/ebooks/6761,"""The Adventures of Ferdinand Count Fathom"" by Tobias Smollett is a satirical novel written in the mid-18th century. The narrative follows the cunning and morally ambiguous character of Ferdinand Count Fathom, a man of mysterious parentage armed with an extraordinary talent for deception and manipulation. The story sets the stage for themes of vice and virtue, exploring Fathom’s escapades and schemes as he navigates a world ripe for exploitation. The opening of the novel introduces Fathom in an unusual light—born under strange circumstances to a mother who flitted between roles in military encampments and armies. We explore the early influence of his mother, an adventurous and fierce figure whose exploits paint a picture of a wild and unrestrained environment. As Fathom grows, he exhibits a blend of charisma and villainy, drawing the attention of powerful patrons while developing ambitions of his own. With a sharp wit and an ability to adapt, he becomes both an object of admiration and contempt, preparing the reader for a complex journey through deceit, ambition, and the nature of morality.  ...",the adventures of ferdinand count fathom complete|smollett t tobias 1721 1771,
2160,The Expedition of Humphry Clinker,"Smollett, T. (Tobias), 1721-1771",English,PR: Language and Literatures: English literature,Epistolary fiction | Travelers -- Fiction | Great Britain -- Fiction,"Apr 1, 2000",https://www.gutenberg.org/ebooks/2160,"""The Expedition of Humphry Clinker"" by Tobias Smollett is an epistolary novel published in 1771. Six correspondents—including a gouty Welsh squire, his husband-hunting sister, and their servants—chronicle a journey through England and Scotland's fashionable spa towns and resorts. Through wildly contrasting letters describing the same events, Smollett satirizes eighteenth-century British society, class pretensions, and urban life. The mysterious ostler Humphry Clinker joins their travels, bringing comic misadventures, romantic entanglements, and surprising revelations that transform the expedition.  ...",the expedition of humphry clinker|smollett t tobias 1721 1771,
393,The Blue Lagoon: A Romance,"Stacpoole, H. De Vere (Henry De Vere), 1863-1951",English,PR: Language and Literatures: English literature,Islands -- Fiction | Love stories | Bildungsromans | Cousins -- Fiction | Adventure stories | Shipwrecks -- Fiction | Castaways -- Fiction,"Jan 1, 1996",https://www.gutenberg.org/ebooks/393,"""The Blue Lagoon: A Romance"" by H. De Vere Stacpoole is a coming-of-age romance novel published in 1908. Two young cousins are shipwrecked on a remote South Pacific island, where they must survive alone after their caretaker dies. Growing up in isolation, they discover the mysteries of nature, maturity, and love without guidance from civilization. As they navigate island dangers and their own transformation into adulthood, their innocent paradise becomes a place of wonder and peril, leading to an ambiguous fate.  ...",the blue lagoon a romance|stacpoole h de vere henry de vere 1863 1951,
1155,The Secret Adversary,"Christie, Agatha, 1890-1976",English,PR: Language and Literatures: English literature,"Private investigators -- England -- Fiction | Detective and mystery stories | Domestic fiction | Married people -- Fiction | Missing persons -- Fiction | Beresford, Tommy (Fictitious character) -- Fiction | Beresford, Tuppence (Fictitious character) -- Fiction","Jan 1, 1998",https://www.gutenberg.org/ebooks/1155,"""The Secret Adversary"" by Agatha Christie is a detective novel published in January 1922. Two unemployed young friends, Tommy and Tuppence, form a business seeking adventure and quickly find themselves entangled in a dangerous conspiracy involving a missing woman, a secret treaty from the Lusitania, and a mysterious criminal mastermind known only as ""Mr. Brown."" Their investigation leads them through deception, kidnapping, and betrayal as they race to recover the treaty before it destabilizes the British government.  ...",the secret adversary|christie agatha 1890 1976,
76639,"Eloisa :  or, A series of original letters","Rousseau, Jean-Jacques, 1712-1778",English,"PQ: Language and Literatures: Romance literatures: French, Italian, Spanish, Portuguese",Psychological fiction | Epistolary fiction | Women -- Fiction | Man-woman relationships -- Fiction | French fiction -- Translations into English | Alps Region -- History -- 18th century -- Fiction,"Aug 6, 2025",https://www.gutenberg.org/ebooks/76639,"Read online now Download for free For your e-reader or reading app — Kindle, Kobo, Apple Books, Calibre etc. EPUB3 ★ Recommended for most devices ! 900 kB Kindle → Use Send-to-Kindle Kobo, Nook etc. → Transfer via USB Phone, tablet or computer → Open in a reading app Reading guide Other formats & older devices Plain Text 1.7 MB EPUB (older e-readers) 930 kB EPUB (older e-readers, no images) 822 kB Kindle 1.4 MB Older Kindles 1.3 MB Download HTML (zip) 1.4 MB There may be more files related to this item. Readers also downloaded Romance Novels Classics of Literature French Literature About this eBook Author Rousseau, Jean-Jacques, 1712-1778 Translator Kenrick, W. (William), 1725?-1779 Uniform Title La nouvelle Héloïse. English Title Eloisa :  or, A series of original letters Original Publication London: Griffiths, Becket, and DeHondt, 1761. Note Wikipedia page about this book: en.wikipedia.org/wiki/Julie%3B_or,_The_New_Heloise Credits Veronica Litt and Subyeta Haque from scans generously made available by Gale Cengage. Summary This book concerns the forbidden love between a middle-rank tutor named St. Preux and his aristocratic student, the titular Eloisa. Summary Eloisa: or, A series of original letters is the first English translation of Julie, ou La Nouvelle Heloise by the Swiss philosopher Jean-Jacques Rousseau. Written in letters, Eloisa concerns the forbidden love between a middle-rank tutor named St. Preux and his aristocratic student, the titular Eloisa. As different characters comment on the interclass romance, the novel examines prescient topics such as social rank, premarital sex, women's autonomy, and the definition of virtue. Prefatory materials include a meta-fictional dialogue wherein Rousseau debates the moral merit of his novel as well as a translator's note and a contemporary review by a Parisian journal. The novel is then structured as four volumes. The first and second volumes valorize the passionate young lovers, who are ultimately compelled to part. The third and fourth volumes revisit the characters years later. Eloisa has become a devoted wife and mother, while St. Preux has taken to the sea. They reunite at Eloisa's country manor and, through the case study of Eloisa's household, propose a unique vision of domestic bliss. The novel's surprising and controversial ending prompts readers to grapple with its central themes and questions. Reading Level Reading ease score: 62.6 (8th & 9th grade). Neither easy nor difficult to read. Language English LoC Class PQ: Language and Literatures: Romance literatures: French, Italian, Spanish, Portuguese Subject Psychological fiction Subject Epistolary fiction Subject Women -- Fiction Subject Man-woman relationships -- Fiction Subject French fiction -- Translations into English Subject Alps Region -- History -- 18th century -- Fiction Category Text eBook-No. 76639 Release Date Aug 6, 2025 Copyright Public domain in the USA. Downloads 41549 downloads in the last 30 days. Project Gutenberg eBooks are always free!",eloisa or a series of original letters|rousseau jean jacques 1712 1778,
4085,The Adventures of Roderick Random,"Smollett, T. (Tobias), 1721-1771",English,PR: Language and Literatures: English literature,Sea stories | England -- Fiction | Picaresque literature | Rogues and vagabonds -- Fiction | Sailors -- Fiction | Warships -- Fiction | Scots -- England -- Fiction | Impressment -- Fiction,"May 1, 2003",https://www.gutenberg.org/ebooks/4085,"""The Adventures of Roderick Random"" by T. Smollett is a picaresque novel published in 1748. Born to a Scottish gentleman and cast out by his family, young Roderick Random must survive by his wits alone in eighteenth-century Britain. From London to the West Indies, he encounters malice, deception, and hypocrisy at every turn while pursuing wealthy women and seeking his rightful place as a gentleman. Drawing on Smollett's own naval experience, this satirical tale exposes the brutality and corruption of its age.  ...",the adventures of roderick random|smollett t tobias 1721 1771,
468,Manon Lescaut,"Prévost, abbé, 1697-1763",English,"PQ: Language and Literatures: Romance literatures: French, Italian, Spanish, Portuguese","Adventure stories | Man-woman relationships -- Fiction | Lescaut, Manon, 1689-1721 -- Fiction","Mar 1, 1996",https://www.gutenberg.org/ebooks/468,"""Manon Lescaut"" by Abbé Prévost is a novel first published in 1731. It tells the tragic love story of a young nobleman and a common woman who choose to live together unmarried, beginning a moral descent into gambling, fraud, and crime. Their passionate relationship leads them from Paris to imprisonment and ultimately to deportation in New Orleans. Narrated retrospectively by the Chevalier des Grieux, this confessional tale shocked eighteenth-century readers with its realistic depiction of society's underbelly and became one of French literature's most reprinted classics.  ...",manon lescaut|prevost abbe 1697 1763,
10002,The House on the Borderland,"Hodgson, William Hope, 1877-1918",English,PR: Language and Literatures: English literature,Science fiction,"Nov 1, 2003",https://www.gutenberg.org/ebooks/10002,"""The House on the Borderland"" by William Hope Hodgson is a supernatural horror novel published in 1908. A recluse living in an ancient, circular house in remote Ireland records his terrifying experiences in a journal later discovered by two fishermen. He encounters monstrous Swine-creatures emerging from a mysterious pit, experiences visions of cosmic dimensions and otherworldly arenas, and witnesses time itself accelerating toward the end of the universe. This hallucinatory tale influenced H. P. Lovecraft and pioneered modern cosmic horror.  ...",the house on the borderland|hodgson william hope 1877 1918,
70652,At the mountains of madness,"Lovecraft, H. P. (Howard Phillips), 1890-1937",English,PS: Language and Literatures: American and Canadian literature,Fantasy fiction | Horror tales | Antarctica -- Fiction | Fossils -- Collection and preservation -- Fiction | Scientific expeditions -- Fiction | Stone carving -- Fiction,"Apr 27, 2023",https://www.gutenberg.org/ebooks/70652,"""At the mountains of madness"" by H. P. Lovecraft is a science-fiction and cosmic horror novella written in 1931 and published in 1936. The story follows Dr. William Dyer as he recounts a catastrophic Antarctic expedition in 1930, hoping to prevent future explorers from returning. His team discovers an ancient alien civilization predating humanity, preserved ruins beyond towering mountains, and prehistoric creatures that defy classification. As they uncover the terrifying history of Earth's original inhabitants through ancient murals, they encounter something far more dangerous lurking in the frozen wasteland.  ...",at the mountains of madness|lovecraft h p howard phillips 1890 1937,
70854,The Countess of Pembroke's Arcadia,"Sidney, Philip, 1554-1586",English,PR: Language and Literatures: English literature,"Pastoral literature, English","May 24, 2023",https://www.gutenberg.org/ebooks/70854,"""The Countess of Pembroke's Arcadia"" by Philip Sidney is a prose pastoral romance written towards the end of the 16th century. This ambitious work blends idealized shepherd life with dramatic tales of jousts, political intrigue, kidnappings, and battles. When a duke receives an ominous oracle predicting stolen daughters and a usurped throne, he retreats to a pastoral lodge—hoping to escape fate. Sidney significantly revised and expanded his original version before his death, creating two major texts that scholars call the Old and New Arcadia.  ...",the countess of pembroke s arcadia|sidney philip 1554 1586,
58866,The Murder on the Links,"Christie, Agatha, 1890-1976",English,PR: Language and Literatures: English literature,"Private investigators -- England -- Fiction | Detective and mystery stories | Poirot, Hercule (Fictitious character) -- Fiction","Feb 11, 2019",https://www.gutenberg.org/ebooks/58866,"""The Murder on the Links"" by Agatha Christie is a detective novel published in 1923. Hercule Poirot and Captain Hastings travel to northern France to meet a client, only to discover he's been murdered and buried beside a golf course. Facing a hostile rival from the Paris Sûreté, Poirot must untangle a web of blackmail, false identities, and a decades-old crime. As Hastings falls unexpectedly in love, the case reveals that nothing is as it seems.  ...",the murder on the links|christie agatha 1890 1976,
589,Catriona,"Stevenson, Robert Louis, 1850-1894",English,PR: Language and Literatures: English literature,Scotland -- History -- 18th century -- Fiction | Adventure stories,"Jul 1, 1996",https://www.gutenberg.org/ebooks/589,"""Catriona"" by Robert Louis Stevenson is a novel published in 1893 as a sequel to ""Kidnapped"". The story follows David Balfour as he attempts to secure justice for a man wrongly accused of murder in 18th-century Scotland. When his efforts fail, David meets and falls in love with Catriona Drummond, daughter of an imprisoned Scottish outlaw. Their relationship unfolds across Scotland, Holland, and France amid political intrigue, betrayal, and adventure, as David navigates both dangerous conspiracies and the mysteries of romance.  ...",catriona|stevenson robert louis 1850 1894,
24793,Blow The Man Down: A Romance Of The Coast,"Day, Holman, 1865-1935",English,PS: Language and Literatures: American and Canadian literature,Ship captains -- Fiction | Love stories | Yachts -- Fiction,"Mar 9, 2008",https://www.gutenberg.org/ebooks/24793,"""Blow The Man Down: A Romance Of The Coast"" by Holman Day is a novel written in the early 20th century. Set against the backdrop of the coastal and yachting life, the story revolves around Captain Boyd Mayo, who grapples with his emotions and sense of duty while entangled with Alma Marston, the daughter of his employer. The narrative captures themes of love and class distinction, emphasizing the captain's struggle to balance his feelings for Alma with the societal expectations and his role as a hired man. The opening of the novel introduces us to Captain Mayo, who is tormented by an overwhelming desire for Alma after an impulsive kiss. As the captain reflects on this moment, he battles feelings of shame and confusion about his place in her world, realizing that he is both drawn to and terrified by his emotions. The tension escalates as Alma expresses her feelings for him, complicating their relationship further with the intrusion of her father's expectations. The groundwork is laid for a compelling romantic tale, rich with emotional conflict, as Mayo navigates both the treacherous waters of the sea and the complexities of love.  ...",blow the man down a romance of the coast|day holman 1865 1935,
61168,The Man in the Brown Suit,"Christie, Agatha, 1890-1976",English,PR: Language and Literatures: English literature,South Africa -- Fiction | Detective and mystery stories | London (England) -- Fiction | Murder -- Investigation -- Fiction | Women adventurers -- Fiction,"Jan 14, 2020",https://www.gutenberg.org/ebooks/61168,"""The Man in the Brown Suit"" by Agatha Christie is a detective novel published in 1924. When Anne Beddingfeld witnesses a man's death at a London tube station, she picks up a mysterious note that launches her into a dangerous adventure. Following clues across continents to South Africa, Anne pursues the truth about murder, stolen diamonds, and a shadowy international criminal known only as ""the Colonel."" With danger at every turn, she must uncover the real identity of the elusive man in the brown suit.  ...",the man in the brown suit|christie agatha 1890 1976,
3289,The Valley of Fear,"Doyle, Arthur Conan, 1859-1930",English,PR: Language and Literatures: English literature,"Holmes, Sherlock (Fictitious character) -- Fiction | Private investigators -- England -- Fiction | Detective and mystery stories","Jun 1, 2002",https://www.gutenberg.org/ebooks/3289,"""The Valley of Fear"" by Arthur Conan Doyle is a novel first published in 1915. In this fourth Sherlock Holmes mystery, the detective receives a coded warning about a plot against a country gentleman named Douglas. When Holmes arrives to investigate, he discovers Douglas has been murdered at his moated manor house. The case leads to dark secrets involving American coal miners, a corrupt trade union, and the dangerous Professor Moriarty. Holmes must unravel a mystery that spans two continents and threatens more lives.  ...",the valley of fear|doyle arthur conan 1859 1930,
560,Mr. Standfast,"Buchan, John, 1875-1940",English,PR: Language and Literatures: English literature,"World War, 1914-1918 -- Fiction | War stories | Spy stories | Hannay, Richard (Fictitious character) -- Fiction | Intelligence service -- Great Britain -- Fiction","Jun 1, 1996",https://www.gutenberg.org/ebooks/560,"""Mr. Standfast"" by John Buchan is a novel published in 1919. Brigadier-General Richard Hannay is pulled from the Western Front for a dangerous secret mission: hunting a German spy network operating in Britain. Disguised as a pacifist, he must work undercover to track enemy agents across the country and into the Swiss Alps. With coded messages hidden in ""Pilgrim's Progress"" and allies in unexpected places, Hannay faces his most complex assignment yet—one that could determine the fate of Europe.  ...",mr standfast|buchan john 1875 1940,
558,The Thirty-Nine Steps,"Buchan, John, 1875-1940",English,PR: Language and Literatures: English literature,"World War, 1914-1918 -- Fiction | Spy stories | Hannay, Richard (Fictitious character) -- Fiction | Intelligence service -- Great Britain -- Fiction","Jun 1, 1996",https://www.gutenberg.org/ebooks/558,"""The Thirty-Nine Steps"" by John Buchan is an adventure novel published in 1915. Richard Hannay, a mining engineer from Rhodesia, finds himself caught in a deadly conspiracy when his neighbor is murdered in his London flat. Possessing only a cryptic coded notebook, Hannay flees to Scotland, pursued by both police and German spies seeking to steal Britain's naval secrets. Racing against time before war erupts across Europe, he must decipher the mystery of the thirty-nine steps and stop an international plot that could change history.  ...",the thirty nine steps|buchan john 1875 1940,
70114,The Big Four,"Christie, Agatha, 1890-1976",English,PR: Language and Literatures: English literature,"Private investigators -- England -- Fiction | Detective and mystery stories, English | Murder -- Investigation -- Fiction | Poirot, Hercule (Fictitious character) -- Fiction | Mystery fiction | Secret societies -- Fiction","Feb 23, 2023",https://www.gutenberg.org/ebooks/70114,"""The Big Four"" by Agatha Christie is a detective novel published in 1927. When a dying stranger staggers into Hercule Poirot's bedroom and whispers about an international crime cartel, the famous detective and his friend Hastings find themselves pursuing a shadowy organization led by four powerful masterminds. Their investigation takes them across countries as they uncover kidnappings, mysterious murders, and a deadly new weapon, all orchestrated by criminals who seem always one step ahead.  ...",the big four|christie agatha 1890 1976,
8954,Lady Audley's Secret,"Braddon, M. E. (Mary Elizabeth), 1835-1915",English,PR: Language and Literatures: English literature,England -- Fiction | Psychological fiction | Domestic fiction | Married women -- Fiction | Bigamy -- Fiction | Deception -- Fiction,"Sep 1, 2005",https://www.gutenberg.org/ebooks/8954,"""Lady Audley's Secret"" by M. E. Braddon is a sensation novel published in 1862. The story follows the beautiful and enigmatic Lucy Graham, who marries wealthy Sir Michael Audley despite her mysterious past. When Robert Audley's friend George Talboys vanishes after visiting the estate, Robert begins investigating—and troubling evidence points toward the charming Lady Audley herself. This tale of secrets, possible bigamy, and dark deeds became the most successful sensation novel of its era.  ...",lady audley s secret|braddon m e mary elizabeth 1835 1915,
5200,Metamorphosis,"Kafka, Franz, 1883-1924",English,"PT: Language and Literatures: Germanic, Scandinavian, and Icelandic literatures",Psychological fiction | Metamorphosis -- Fiction,"Aug 17, 2005",https://www.gutenberg.org/ebooks/5200,"""Metamorphosis"" by Franz Kafka is a novella published in 1915. It tells the story of Gregor Samsa, a traveling salesman who wakes one morning to find himself inexplicably transformed into a monstrous insect. Trapped in his room and unable to work, Gregor struggles to adjust to his new body while his horrified family grapples with the burden of his existence. As Gregor adapts to his condition, the relationships within his household shift in unexpected and devastating ways.  ...",metamorphosis|kafka franz 1883 1924,
768,Wuthering Heights,"Brontë, Emily, 1818-1848",English,PR: Language and Literatures: English literature,Revenge -- Fiction | Psychological fiction | Rejection (Psychology) -- Fiction | Love stories | Domestic fiction | Yorkshire (England) -- Fiction | Foundlings -- Fiction | Rural families -- Fiction | Heathcliff (Fictitious character : Brontë) -- Fiction | Triangles (Interpersonal relations) -- Fiction,"Dec 1, 1996",https://www.gutenberg.org/ebooks/768,"""Wuthering Heights"" by Emily Brontë is a novel published in 1847. Set on the Yorkshire moors, it follows two landowning families and their turbulent relationships with Heathcliff, a mysterious foster son. Driven by obsessive love, possession, and revenge that spans generations, the story unfolds through dark passion and cruelty. This Gothic tale challenged Victorian morality with its depictions of abuse and class conflict, ultimately becoming a cornerstone of English literature despite its initially polarized reception.  ...",wuthering heights|bronte emily 1818 1848,
2360,The Riddle of the Sands,"Childers, Erskine, 1870-1922",English,PR: Language and Literatures: English literature,Sea stories | Great Britain -- History -- Invasions -- Fiction | Adventure stories | Spy stories | Sailing -- Fiction | Frisian Islands -- Fiction | Secret service -- Fiction | Alternative histories (Fiction),"Oct 1, 2000",https://www.gutenberg.org/ebooks/2360,"""The Riddle of the Sands"" by Erskine Childers is a novel written during the early 20th century. The story is a thrilling maritime adventure that blends elements of espionage and political intrigue, centered around the main character, Carruthers, who is drawn into a mysterious yachting trip with his old acquaintance, Davies. The narrative promises an exploration of both the physical waters of the Baltic Sea and the murky depths of national security. At the start of the tale, Carruthers is introduced as a somewhat disaffected young man, feeling out of place in the bustle of post-summer London, where his friends have abandoned the city for leisure. He receives an unexpected letter from Davies, inviting him to a yachting expedition in the Schleswig fiords. As Carruthers prepares for this journey, he reflects on his past encounters with Davies and his own sense of ennui. The beginning of the novel establishes both characters and sets up the mysterious ambiance that hints at deeper political currents, signaling that their trip could involve more than just leisurely yachting and shooting. The stage is set for an adventure that promises to blend personal growth with larger, unseen threats.  ...",the riddle of the sands|childers erskine 1870 1922,
389,The Great God Pan,"Machen, Arthur, 1863-1947",English,PR: Language and Literatures: English literature,Horror tales | Paranormal fiction,"Jan 1, 1996",https://www.gutenberg.org/ebooks/389,"""The Great God Pan"" by Arthur Machen is a horror and fantasy novella published in 1894. A dangerous experiment opens a young woman's mind to see the supernatural god Pan, with devastating consequences. Years later, mysterious deaths and suicides follow the beautiful but sinister Helen Vaughan wherever she appears. As investigators piece together her dark origins and unnatural powers, they uncover a terrifying truth linking her to the ancient pagan deity and the failed experiment that began it all.  ...",the great god pan|machen arthur 1863 1947,
72824,The mystery of the Blue Train,"Christie, Agatha, 1890-1976",English,PR: Language and Literatures: English literature,"Private investigators -- England -- Fiction | Detective and mystery stories | Jewelry theft -- Fiction | Poirot, Hercule (Fictitious character) -- Fiction | Railroad travel -- France -- Fiction | Married women -- Crimes against -- Fiction | Rich people -- Crimes against -- Fiction","Jan 29, 2024",https://www.gutenberg.org/ebooks/72824,"""The Mystery of the Blue Train"" by Agatha Christie is a detective novel published in 1928. When an American heiress is found strangled aboard the luxurious Le Train Bleu bound for the French Riviera, her priceless ruby missing, Hercule Poirot must unravel a web of unhappy marriages, secret lovers, and jewel thieves. With multiple suspects—including the victim's estranged husband and a notorious count—and conflicting testimonies, Poirot discovers that nothing aboard the Blue Train is quite what it seems.  ...",the mystery of the blue train|christie agatha 1890 1976,
974,The Secret Agent: A Simple Tale,"Conrad, Joseph, 1857-1924",English,PR: Language and Literatures: English literature,London (England) -- Fiction | Political fiction | Conspiracies -- Fiction | Anarchists -- Fiction | Bombings -- Fiction,"Jul 1, 1997",https://www.gutenberg.org/ebooks/974,"""The Secret Agent: A Simple Tale"" by Joseph Conrad is a novel first published in installments in 1905–1906 and in book form in 1907. Set in 1886 London, it follows Adolf Verloc, a secret agent and shop owner who lives with his wife Winnie and her intellectually disabled brother Stevie. When Verloc is pressured to bomb Greenwich Observatory to provoke public outrage against anarchists, the operation goes catastrophically wrong. The story explores themes of espionage, terrorism, exploitation, and the devastating consequences of deception within a family.  ...",the secret agent a simple tale|conrad joseph 1857 1924,
34323,The Samurai Strategy,"Hoover, Thomas, 1941-",English,PS: Language and Literatures: American and Canadian literature,Mystery fiction,"Nov 14, 2010",https://www.gutenberg.org/ebooks/34323,"""The Samurai Strategy"" by Thomas Hoover is a financial thriller that was likely written in the late 20th century. The story revolves around Matthew Walton, a freelance corporate takeover lawyer in New York, as he becomes embroiled in a high-stakes scenario involving international finance, murder, and Japan's growing economic power. This intricate tale unfolds against the backdrop of a looming financial crisis, and it explores themes of ambition, loyalty, and personal conflict. The opening of the novel introduces Matthew Walton, who is contemplating a vacation with his daughter while also juggling his law practice. He receives an unusual call from Matsuo Noda, a mysterious Japanese industrialist, who hires him to look into acquiring a significant property in New York. As Walton prepares for an auction at Sotheby’s, he reflects on his past relationships and professional life. The section richly describes his character as someone caught between personal loss and professional ambition. It sets the stage for a suspenseful intersection of legal maneuvering and the dark undercurrents of international finance, hinting at a larger, potentially dangerous conspiracy involving Noda and the implications of a huge financial scheme that could have dire repercussions for the U.S. economy.  ...",the samurai strategy|hoover thomas 1941,
75288,The Seven Dials mystery,"Christie, Agatha, 1890-1976",English,PR: Language and Literatures: English literature,"Detective and mystery stories | Police -- England -- Fiction | Battle, Superintendent (Fictitious character) -- Fiction","Feb 4, 2025",https://www.gutenberg.org/ebooks/75288,"""The Seven Dials Mystery"" by Agatha Christie is a detective novel published in 1929. When a house party guest is found dead surrounded by alarm clocks, with one mysteriously missing, it appears to be a tragic accident. But when another death follows with the cryptic words ""Seven Dials,"" Lady Eileen ""Bundle"" Brent finds herself drawn into a dangerous world of secret meetings, masked conspirators, and stolen government formulas. With the help of Superintendent Battle, she must uncover which seemingly innocent guest is actually a cunning international criminal.  ...",the seven dials mystery|christie agatha 1890 1976,
2600,War and Peace,"Tolstoy, Leo, graf, 1828-1910",English,"PG: Language and Literatures: Slavic (including Russian), Languages and Literature","Historical fiction | War stories | Napoleonic Wars, 1800-1815 -- Campaigns -- Russia -- Fiction | Russia -- History -- Alexander I, 1801-1825 -- Fiction | Aristocracy (Social class) -- Russia -- Fiction","Apr 1, 2001",https://www.gutenberg.org/ebooks/2600,"""War and Peace"" by graf Leo Tolstoy is a literary work published in 1869. Set during the Napoleonic Wars, it chronicles the French invasion of Russia through five interlocking narratives following different Russian aristocratic families. The work blends fictional storytelling with philosophical discussions about history, war, and power. Tolstoy himself hesitated to classify it, saying it is ""not a novel, even less is it a poem, and still less a historical chronicle."" It remains one of the most praised classics of world literature.  ...",war and peace|tolstoy leo graf 1828 1910,
51649,"The Mysteries of London, v. 4/4","Reynolds, George W. M. (George William MacArthur), 1814-1879",English,PR: Language and Literatures: English literature,London (England) -- Fiction | Penny dreadfuls,"Apr 3, 2016",https://www.gutenberg.org/ebooks/51649,"""The Mysteries of London, v. 4/4"" by George W. M. Reynolds is a penny blood novel published serially beginning in 1844. This sprawling narrative exposes the stark contrasts of Victorian London, from its criminal underworld to its corrupt aristocracy. Following characters like Richard Markham and the villainous Resurrection Man, the work blends sensational storytelling with social commentary on class inequality and urban vice. The most widely read fiction in mid-nineteenth century Britain, it captivated more readers than Dickens himself.  ...",the mysteries of london v 4 4|reynolds george w m george william macarthur 1814 1879,
27475,That Girl Montana,"Ryan, Marah Ellis, 1866-1934",English,PS: Language and Literatures: American and Canadian literature,Western stories | Montana -- Fiction,"Dec 9, 2008",https://www.gutenberg.org/ebooks/27475,"""That Girl Montana"" by Marah Ellis Ryan is a novel written in the early 20th century. The story is set against the backdrop of the untamed American West, situated primarily in the Kootenai River area, and revolves around a young girl named 'Tana, who comes to be connected with a murder mystery and the complexities of her interactions with the local community, including both Native Americans and white settlers. The opening portion introduces a cast of characters engaged in discussions about 'Tana, who is presumed to be linked to the murder of Lee Holly, a notorious man in the area. The narrative unfolds with two strangers observing her, admiring her unconventional beauty and boldness amidst the wilderness. As the story progresses, we see glimpses of 'Tana's independent spirit, her swimming prowess, and her reluctance to fit into the established societal norms. In her interactions with Dan Overton, a man intrigued by her character, we sense her desire to escape the constraints of both her past and the gaze of judgment from the civilized world. This early setup creates a compelling premise for exploring themes of identity, belonging, and the challenges of youth in a rapidly changing world.  ...",that girl montana|ryan marah ellis 1866 1934,
79,Terminal Compromise,"Schwartau, Winn, 1952-",English,"PQ: Language and Literatures: Romance literatures: French, Italian, Spanish, Portuguese","Computer security -- Fiction | Didactic fiction | Privacy, Right of -- Fiction | Records -- Access control -- Fiction","Aug 1, 1993",https://www.gutenberg.org/ebooks/79,"""Terminal Compromise"" by Winn Schwartau is a high-tech thriller written in the early 1990s, creatively addressing contemporary issues of computer security and cyber-terrorism. The narrative follows several characters, including Taki Homosoto—a vengeful survivor of Hiroshima, Miles Foster—a brilliant yet disillusioned mathematical analyst from the National Security Agency, and Scott Mason—a New York Times reporter. The story seems poised to explore themes of personal vendettas, large-scale cyber attacks, and their implications on American society and security. The opening of ""Terminal Compromise"" introduces the reader to a world fraught with imminent threats and high-stakes scenarios involving key players. Taki Homosoto's backstory reveals a deep-seated hatred for America rooted in the destruction of his home city, while Miles Foster grapples with his own frustrations within the bureaucracy of the NSA. As the plot unfolds, we witness Miles's conflicted loyalties and his decision to engage with foreign entities, hinting at a larger conspiracy that may challenge the very fabric of the United States. The tension escalates as Scott Mason begins to uncover alarming connections between these characters and the catastrophic potential of cyber warfare.  ...",terminal compromise|schwartau winn 1952,
57669,The problem of Cell 13,"Futrelle, Jacques, 1875-1912",English,PS: Language and Literatures: American and Canadian literature,"Detective and mystery stories | Boston (Mass.) -- Fiction | College teachers -- Fiction | Van Dusen, Augustus S. F. X. (Fictitious character) -- Fiction","Aug 11, 2018",https://www.gutenberg.org/ebooks/57669,"""The Problem of Cell 13"" by Jacques Futrelle is a short story first published in 1905. The tale features Augustus S. F. X. Van Dusen, ""The Thinking Machine,"" who claims nothing is impossible when the human mind is properly applied. To prove his theory, he accepts an extraordinary challenge: escape from a prison cell within one week. This acclaimed mystery has been adapted multiple times for television, radio, and stage, and appears in numerous collections of greatest detective stories.  ...",the problem of cell 13|futrelle jacques 1875 1912,
50290,Space Station 1,"Long, Frank Belknap, 1903-1994",English,PS: Language and Literatures: American and Canadian literature,Science fiction | Love stories | Impostors and imposture -- Fiction | Space stations -- Fiction,"Oct 23, 2015",https://www.gutenberg.org/ebooks/50290,"""Space Station 1"" by Frank Belknap Long is a science fiction novel written in the late 1950s. The story follows Lieutenant David Corriston, who, upon visiting an enormous space station, becomes embroiled in a dangerous conspiracy involving kidnappings, murder, and a hidden enemy. As he grapples with these threats, his determination to uncover the truth could determine not just his fate, but that of Earth itself. At the start of the narrative, the atmosphere onboard the space station is infused with wonder but quickly turns to terror. Corriston finds himself in a life-threatening struggle with a mysterious assailant just after expressing his awe for the station's grandeur. As he wrestles for survival in the dark, his mind races with thoughts of Helen Ramsey, the daughter of a powerful figure, who has vanished amid the chaos. The opening segment sets up an intense plot filled with suspense as Corriston fights against time and unseen threats to find her, hinting at deeper intrigues that might endanger them both.  ...",space station 1|long frank belknap 1903 1994,
1685,The Mystery of the Yellow Room,"Leroux, Gaston, 1868-1927",English,"PQ: Language and Literatures: Romance literatures: French, Italian, Spanish, Portuguese","Detective and mystery stories | Rouletabille, Joseph (Fictitious character) -- Fiction | Reporters and reporting -- Fiction","Mar 1, 1999",https://www.gutenberg.org/ebooks/1685,"""The Mystery of the Yellow Room"" by Gaston Leroux is a mystery novel first published serially in 1907. One of the first locked-room mysteries, it follows young reporter Joseph Rouletabille as he investigates an impossible crime at a French château. A woman is found brutally attacked in a room locked from inside, with no apparent way for the attacker to escape. Rouletabille races against France's top detective to solve the puzzle, but the culprit seems to vanish repeatedly. The truth involves hidden identities and dark secrets.  ...",the mystery of the yellow room|leroux gaston 1868 1927,
58820,Whose Body? A Lord Peter Wimsey Novel,"Sayers, Dorothy L. (Dorothy Leigh), 1893-1957",English,PR: Language and Literatures: English literature,"Private investigators -- England -- Fiction | Detective and mystery stories | Murder -- Investigation -- Fiction | Wimsey, Peter, Lord (Fictitious character), 1890- -- Fiction","Feb 3, 2019",https://www.gutenberg.org/ebooks/58820,"""Whose Body? A Lord Peter Wimsey Novel"" by Dorothy L. Sayers is a mystery novel published in 1923. When an architect discovers a naked corpse wearing only pince-nez spectacles in his London bathtub, the amateur detective Lord Peter Wimsey takes on the puzzling case. The body appears connected to the mysterious disappearance of financier Sir Reuben Levy, but evidence suggests otherwise. As Wimsey investigates alongside Inspector Parker, the trail leads to a teaching hospital and a respected surgeon, where secrets darker than anyone imagined await discovery.  ...",whose body a lord peter wimsey novel|sayers dorothy l dorothy leigh 1893 1957,
30849,"The Works of Robert Louis Stevenson - Swanston Edition, Vol. 20","Stevenson, Robert Louis, 1850-1894",English,PR: Language and Literatures: English literature,Prisoners of war -- Fiction | French -- England -- Fiction,"Jan 4, 2010",https://www.gutenberg.org/ebooks/30849,"""The Works of Robert Louis Stevenson - Swanston Edition, Vol. 20"" by Stevenson is a collection of literary works likely compiled in the early 20th century. This volume primarily features ""St. Ives,"" which tells the story of a French prisoner during the Napoleonic Wars, detailing his experiences and interactions while imprisoned in Edinburgh. The narrative navigates themes of honor, identity, and affection, particularly involving the protagonist's encounters with the young lady Flora. At the start of ""St. Ives,"" we are introduced to the main character, a French soldier captured and imprisoned in Edinburgh Castle. Despite the difficult circumstances, he finds solace in his ability to connect with the officers and other prisoners, engaging in activities that ease his captivity. He recounts how his proficiency in English aids him in forming relationships, one of them being with a noble and spirited young woman named Flora, who often visits the prison. The protagonist is captivated by her beauty, leading to the development of a romantic plotline intertwined with the challenges faced within the prison's walls. The opening chapters set up a suspenseful atmosphere of longing and rivalry, foreshadowing the complex relationships and conflicts that will unfold.  ...",the works of robert louis stevenson swanston edition vol 20|stevenson robert louis 1850 1894,
30340,The Passionate Friends,"Wells, H. G. (Herbert George), 1866-1946",English,PR: Language and Literatures: English literature,Triangles (Interpersonal relations) -- Fiction,"Oct 26, 2009",https://www.gutenberg.org/ebooks/30340,"""The Passionate Friends"" by H. G. Wells is a novel published in 1913. It follows Stephen Stratton through a lifetime shaped by his forbidden love for Lady Mary Christian, a woman married to a wealthy financier. Their relationship unfolds across continents—from England to South Africa, through Asia and the Alps—as Stephen develops ambitious ideas about humanity's future. The novel explores love, duty, and social constraints while introducing Wells's vision of individuals working toward a transformed world.  ...",the passionate friends|wells h g herbert george 1866 1946,
70008,Unnatural death,"Sayers, Dorothy L. (Dorothy Leigh), 1893-1957",English,PR: Language and Literatures: English literature,"Private investigators -- England -- Fiction | Detective and mystery stories | Wimsey, Peter, Lord (Fictitious character), 1890- -- Fiction","Feb 10, 2023",https://www.gutenberg.org/ebooks/70008,"""Unnatural Death"" by Dorothy L. Sayers is a mystery novel published in 1927. Lord Peter Wimsey investigates the seemingly natural death of an elderly cancer patient, despite no evidence of foul play. When witnesses begin dying mysteriously and a closer relative surfaces who would inherit under new property laws, Wimsey uncovers a chilling pattern. With help from private investigator Miss Climpson, he pursues a cunning killer using an ingenious murder method—but the trail leads to unexpected connections and deadly disguises.  ...",unnatural death|sayers dorothy l dorothy leigh 1893 1957,
11987,By Advice of Counsel,"Train, Arthur Cheney, 1875-1945",English,PS: Language and Literatures: American and Canadian literature,Legal stories,"Apr 1, 2004",https://www.gutenberg.org/ebooks/11987,"""By Advice of Counsel"" by Arthur Cheney Train is a legal drama written in the early 20th century. The story intricately weaves the challenges faced by attorney firms, particularly focusing on the actions and misdeeds within the judicial system of the time. The narrative introduces several characters, including young Tony Mathusek, wrongfully accused of breaking a window, and the unscrupulous lawyers who navigate the intricacies of the law for their gain. At the start of the work, readers are thrust into a tumultuous scene where Tony, an innocent teen, is mistakenly arrested by Officer Delany after a brick incident stemming from a local street confrontation. The story sets the stage for a deeper exploration into the legal drama surrounding Tony's case, touching on the interplay between law enforcement and the legal profession. The opening presents various characters, including Mr. Tutt, who becomes vital to Tony’s defense, highlighting the corruption and complexities of legal proceedings in their fight for justice. The intertwining narratives of manipulation and wrongful accusation suggest a critique of societal norms and the legal system's inequalities.  ...",by advice of counsel|train arthur cheney 1875 1945,
40361,The Air Pirate,"Thorne, Guy, 1875-1923",English,PR: Language and Literatures: English literature,Science fiction | England -- Fiction | Pirates -- Fiction | Aeronautics -- Fiction,"Jul 28, 2012",https://www.gutenberg.org/ebooks/40361,"""The Air Pirate"" by Guy Thorne is a novel written in the early 20th century. The story revolves around Sir John Custance, the Chief Commissioner of Air Police for Great Britain, as he grapples with a series of audacious air pirate attacks threatening civilian airliners. As he faces this new wave of crime, the narrative explores themes of duty, courage, and love, particularly through his relationship with a famous actress, Constance Shepherd, who becomes entangled in the conflict. The opening of the novel introduces Sir John Custance just before a critical journey to Plymouth, where he is summoned to address a pressing matter involving a recent air pirate incident. As he travels to meet Constance, who is set to travel to America via air-liner, the atmosphere is charged with anticipation and underlying tension. The reader is gradually exposed to the severity of the air piracy issue facing the world, culminating when the situation escalates dramatically with the pirating of the ""Atlantis"", a transatlantic air-liner, during which Constance is reported missing. Sir John’s mix of personal and professional challenges sets the stage for a gripping adventure filled with intrigue and high stakes.  ...",the air pirate|thorne guy 1875 1923,
28780,Peter the Brazen: A Mystery Story of Modern China,"Worts, George F. (George Frank), 1892-",English,PS: Language and Literatures: American and Canadian literature,Detective and mystery stories | China -- Fiction,"May 12, 2009",https://www.gutenberg.org/ebooks/28780,"""Peter the Brazen: A Mystery Story of Modern China"" by George F. Worts is a novel written in the early 20th century. The story follows Peter Moore, a skilled wireless operator, as he navigates the intrigues and dangers of 1910s China. The narrative intertwines elements of adventure, mystique, and peril, as Peter becomes embroiled in complex relationships, secretive communications, and potential threats to his life. At the start of the novel, we meet Peter Moore, who is depicted as a talented wireless operator with a unique ability to catch signals others cannot. His life takes a turn after he resigns from his position on the ""Vandalia"", seeking adventure in China. As he navigates the bustling streets of Chinatown, he encounters enigmatic figures, including a mysterious Chinese woman and Ching Gow Ong, a key player in the silk trade. The looming danger of a kidnapping plot unfolds, beginning with Peter receiving cryptic messages and warnings, which sets the stage for a gripping exploration of entanglements in a perilous world of secrets and hazardous alliances.  ...",peter the brazen a mystery story of modern china|worts george f george frank 1892,
34318,Life Blood,"Hoover, Thomas, 1941-",English,PS: Language and Literatures: American and Canadian literature,Horror tales | Suspense fiction | Central America -- Fiction | Adoption -- Corrupt practices -- Fiction | Human experimentation in medicine -- Fiction,"Nov 14, 2010",https://www.gutenberg.org/ebooks/34318,"""Life Blood"" by Thomas Hoover is a contemporary novel written in the early 21st century that blends elements of a medical thriller with themes of personal struggle and adoption. The story centers around Morgan James, a filmmaker who finds herself entangled in a dark conspiracy involving bizarre human experimentation while navigating her own infertility issues and the complex world of adoption. The opening of the novel introduces Morgan as she experiences the tinges of mid-life regret and a desire for family, juxtaposed against her dedication to completing her feature film, ""Baby Love."" In the midst of this creative endeavor, she embarks on an interview with a woman, Carly Grove, who shares her adoption story that seems too good to be true. Morgan's longing for a child intensifies as her own dreams of motherhood fade, leading her to contemplate adoption. The narrative hints at ominous forces at play, particularly concerning the adoption agency, Children of Light, adding a layer of suspense as Morgan seeks to uncover the truth behind her characters' stories.  ...",life blood|hoover thomas 1941,
27997,Robert Orange Being a Continuation of the History of Robert Orange,"Hobbes, John Oliver, 1867-1906",English,PR: Language and Literatures: English literature,Religious fiction,"Feb 4, 2009",https://www.gutenberg.org/ebooks/27997,"""Robert Orange"" by John Oliver Hobbes is a novel written in the late 19th century. The story centers around Robert Orange, a character navigating love, ambition, and social expectations amid the complexities and constraints of Victorian society. The narrative takes the reader into his world, exploring relationships with significant characters such as Lady Sara De Treverell and Lord Reckage, each contributing to the themes of romance, societal pressures, and personal ambition. At the start of the book, the reader is introduced to Lady Sara, the daughter of the Earl of Garrow, who is caught in a whirlwind of emotions as she contemplates an offer of marriage from the wealthy Duke of Marshire. Her thoughts drift toward her feelings for Robert Orange, whom she views as a remarkable person, contrasting the prospects of marrying for social elevation versus genuine connection. Her father, concerned about the social implications of Sara considering Orange, encapsulates the societal divide that the characters negotiate. As the narrative unfolds, the contrasts between ambition, societal rank, and personal desire set the stage for deeper explorations of love and identity that are likely to resonate throughout the novel.  ...",robert orange being a continuation of the history of robert orange|hobbes john oliver 1867 1906,
26563,The Crack of Doom,"Cromie, Robert, 1856-1907",English,PR: Language and Literatures: English literature,Science fiction | Paranormal fiction | Nuclear explosions -- Fiction,"Sep 8, 2008",https://www.gutenberg.org/ebooks/26563,"""The Crack of Doom"" by Robert Cromie is a novel written in the late 19th century. The narrative centers on Arthur Marcel, a British traveler who meets the enigmatic Herbert Brande during a sea voyage. As Marcel becomes embroiled in Brande's mysterious society, he finds himself drawn to Brande's sister, Natalie, and grapples with the implications of their association with a group that seems to hold sinister secrets about the nature of the universe and the fate of mankind. The opening of the book introduces us to Arthur Marcel, who, while on a ship heading for Queenstown, encounters Herbert Brande, whose cynical views on the universe spark a profound conversation. Their meeting hints at deeper themes as Marcel learns about Brande's newly formed ""Cui Bono Society."" The narrative quickly shifts towards Marcel's obsession with Brande's sister, Natalie, and the peculiar elegance of her character, which contrasts sharply with her brother's cold rationalism. Tension grows as the plot establishes the society's unsettling aims, presenting a tantalizing blend of romance, scientific intrigue, and existential dread.  ...",the crack of doom|cromie robert 1856 1907,
7735,Paul Clifford — Complete,"Lytton, Edward Bulwer Lytton, Baron, 1803-1873",English,PR: Language and Literatures: English literature,Brigands and robbers -- Fiction,"Nov 26, 2004",https://www.gutenberg.org/ebooks/7735,"""Paul Clifford — Complete by Baron Edward Bulwer Lytton Lytton"" is a novel published in 1830. It follows Paul Clifford, a man of unknown origins who becomes a chivalrous highwayman during the French Revolution era. Living a double life as both criminal and gentleman, he falls in love with Lucy Brandon while disguised. When arrested and brought to trial, a shocking revelation about his true identity changes everything. The novel is famous for its opening line: ""It was a dark and stormy night...""  ...",paul clifford complete|lytton edward bulwer lytton baron 1803 1873,
38983,"The Camp Fire Girls Solve a Mystery; Or, The Christmas Adventure at Carver House","Frey, Hildegard G., 1891-1957",English,PZ: Language and Literatures: Juvenile belles lettres,Family -- Juvenile fiction | Camp Fire Girls -- Juvenile fiction | Mystery and detective stories | Clubs -- Juvenile fiction | Prudence -- Juvenile fiction | Thoughtfulness -- Juvenile fiction,"Feb 25, 2012",https://www.gutenberg.org/ebooks/38983,"""The Camp Fire Girls Solve a Mystery; Or, The Christmas Adventure at Carver House"" by Hildegard G. Frey is a novel written in the early 20th century. It features Katherine Adams, a young girl who arrives in Oakwood excited to meet her friend Nyoda just before Christmas, only to find herself lost and bewildered. The story unfolds as Katherine attempts to navigate her way to Nyoda's house, which leads her to an unexpected encounter with a mysterious song emanating from an empty house, setting up the series of events that will challenge and intrigue her. The opening of the book introduces Katherine as she steps off a train, anticipating a warm holiday reunion with Nyoda. However, as the bustling station empties around her, Katherine's mounting concerns about Nyoda's absence prompt her to seek out the hilltop house where she believes Nyoda lives. This journey soon takes an unexpected turn when Katherine discovers an empty house that appears abandoned but is alive with the sound of singing. Despite her initial fear, her curiosity drives her to enter the house, leading her to an encounter with a strange girl, Sylvia, and a series of unfolding mysteries that hint at deeper connections between their lives. The stage is set for a Christmas adventure that intertwines friendships, secrets, and the spirit of compassion and discovery.  ...",the camp fire girls solve a mystery or the christmas adventure at carver house|frey hildegard g 1891 1957,
12345,"Friday, the Thirteenth: A Novel","Lawson, Thomas William, 1857-1925",English,PS: Language and Literatures: American and Canadian literature,"Financial crises -- Fiction | Stock exchanges -- United States -- Fiction | National banks (United States) -- Fiction | Banks and banking, International -- Fiction | Banks and banking, American -- Fiction","Aug 31, 2005",https://www.gutenberg.org/ebooks/12345,"""Friday, the Thirteenth: A Novel"" by Thomas William Lawson is a financial thriller written during the early 20th century. The story revolves around Jim Randolph, a partner at a prestigious Wall Street banking firm, and his college friend Bob Brownley, who is a passionate and impulsive stock trader. As the tale unfolds against the backdrop of a stock market panic on Friday the 13th, the narrative delves into themes of friendship, ambition, and the darker side of financial speculation, particularly highlighting Bob's reckless nature and its implications for both his career and personal relationships. At the start of the novel, we are introduced to Jim, who receives a frantic phone call from his partner Fred Brownley about Bob's erratic behavior on the trading floor. The tension builds as Bob's aggressive trading on that fateful day threatens to trigger a financial disaster. As Jim reflects on their past and the dynamics of their friendship, he becomes increasingly concerned about Bob's mindset, which is rife with gambling impulses that have put them both at risk. The stakes escalate when a mysterious young woman named Beulah Sands enters the picture, presenting both a personal and financial dilemma for Bob, as he becomes emotionally entangled with her while grappling with the consequences of his actions in the volatile world of stock trading. The opening sets the stage for a complex interplay of personal and financial crises that will unfold throughout the novel.  ...",friday the thirteenth a novel|lawson thomas william 1857 1925,
1872,The Red House Mystery,"Milne, A. A. (Alan Alexander), 1882-1956",English,PR: Language and Literatures: English literature,Detective and mystery stories | England -- Fiction,"Aug 1, 1999",https://www.gutenberg.org/ebooks/1872,"""The Red House Mystery"" by A. A. Milne is a whodunnit published in 1922. When a black sheep brother arrives at an English country house and is found shot dead, the host mysteriously vanishes. An amateur detective visiting a friend decides to investigate, playing Sherlock Holmes while clues mount and theories multiply. Milne's only mystery novel became immediately popular, though it later sparked debate about the merits of Golden Age detective fiction and its preference for charming amateurs over professional investigators.  ...",the red house mystery|milne a a alan alexander 1882 1956,
173,The Insidious Dr. Fu Manchu,"Rohmer, Sax, 1883-1959",English,PR: Language and Literatures: English literature,"Detective and mystery stories | Fu Manchu, Doctor (Fictitious character) -- Fiction | Criminals -- Fiction","Oct 1, 1994",https://www.gutenberg.org/ebooks/173,"""The Insidious Dr. Fu Manchu"" by Sax Rohmer is a novel published in 1913. When Nayland Smith arrives unexpectedly from Burma, Dr. Petrie learns of a sinister threat: the brilliant Chinese criminal Dr. Fu Manchu is targeting men connected to India. Through London's opium dens and English country estates, Smith pursues this master poisoner and chemist, who leads a mysterious ""Third Party"" and seeks to capture Europe's best engineers for an unknown purpose. But Fu Manchu proves a cunning adversary who outwits his pursuers at every turn.  ...",the insidious dr fu manchu|rohmer sax 1883 1959,
15384,The Real Adventure,"Webster, Henry Kitchell, 1875-1932",English,PS: Language and Literatures: American and Canadian literature,Married people -- Fiction | Man-woman relationships -- Fiction,"Mar 16, 2005",https://www.gutenberg.org/ebooks/15384,"""The Real Adventure"" by Henry Kitchell Webster is a novel written in the early 20th century. The book follows the lives of various characters, particularly focusing on Rosalind Stanton and her complex relationships as she navigates her journey towards self-discovery, romance, and the societal expectations of her time. Through her interactions with the professor, her family, and her peers, themes of love, ambition, and personal growth begin to unfold. At the start of the novel, we are introduced to a professor's lecture, where Rosalind, amused by his facetious advice about marriage, becomes the focal point of his attention. Despite his irritation at her distraction, it’s evident that she captivates him. Following the class, she leaves with a sprightly demeanor, contrasting the previous weightiness of the academic atmosphere. As she heads home, she experiences a confrontational but enlightening moment with a streetcar conductor, ultimately leading to an unexpected connection with Rodney Aldrich, a man who appears to share her spirited outlook on life. This pivotal encounter sets the stage for the evolving dynamics between the characters and their respective adventures, both romantic and intellectual.  ...",the real adventure|webster henry kitchell 1875 1932,
3070,The Hound of the Baskervilles,"Doyle, Arthur Conan, 1859-1930",English,PR: Language and Literatures: English literature,"Holmes, Sherlock (Fictitious character) -- Fiction | Private investigators -- England -- Fiction | Dogs -- Fiction | Detective and mystery stories | Blessing and cursing -- Fiction | Dartmoor (England) -- Fiction","Feb 1, 2002",https://www.gutenberg.org/ebooks/3070,"""The Hound of the Baskervilles"" by Arthur Conan Doyle is a crime novel serialized from August 1901 to April 1902. Set on the eerie moors of Dartmoor, the story follows Sherlock Holmes and Dr. Watson as they investigate a terrifying legend: a demonic hound that has cursed the Baskerville family for generations. When Sir Charles Baskerville dies under mysterious circumstances and his heir arrives from Canada, strange events begin to unfold. Is the hound supernatural, or is something more sinister at play?  ...",the hound of the baskervilles|doyle arthur conan 1859 1930,
59892,"Changeling, and Other Stories","Byrne, Donn, 1889-1928",English,PR: Language and Literatures: English literature,"Ireland -- Social life and customs -- Fiction | Short stories, Irish","Jul 10, 2019",https://www.gutenberg.org/ebooks/59892,"""Changeling and Other Stories"" by Donn Byrne is a collection of short stories written in the early 20th century. The title story, ""Changeling,"" introduces readers to Anna Janssen, a chorus girl on trial for the murder of her former lover, Alastair de Vries, as the courtroom drama unfolds with a backdrop of public scrutiny and personal transformation. The collection blends themes of crime, justice, and human relationships, and it appears to delve into deeper issues of identity and redemption. The opening of ""Changeling"" establishes a tense courtroom atmosphere where the prosecution builds its case against Anna Janssen, who appears both striking and enigmatic. As the district attorney presents evidence and witnesses testify, the complexities of Anna's character come to light. A vivid description contrasts her present legal predicament with her passionate past as an influential figure in New York’s nightlife. The narrative shifts to her defense, led by the skilled Howard Donegan, who seems disinterested in cross-examining witnesses, prompting concern for Anna’s fate. This setup foreshadows a rich exploration of her story and the moral dilemmas surrounding her actions, setting a compelling stage for the ensuing drama.  ...",changeling and other stories|byrne donn 1889 1928,
20546,The Hand in the Dark,"Rees, Arthur J. (Arthur John), 1872-1942",English,PR: Language and Literatures: English literature,Detective and mystery stories,"Feb 8, 2007",https://www.gutenberg.org/ebooks/20546,"""The Hand in the Dark"" by Arthur J. Rees is a novel written in the early 20th century. This work plunges the reader into a haunting world centered around the ominous history of an English moat-house, which has borne witness to centuries of tragedy, from medieval conflicts to modern-day turmoil. The story begins in the aftermath of World War I, blending themes of love, loss, and the supernatural as the characters grapple with their intertwined fates against the backdrop of a house steeped in ghostly legacies. At the start of the novel, the mood is set with rich descriptions of the old moat-house, which serves as both a character and a setting filled with dark history. The opening chapter introduces the reader to a diverse group of characters gathered at the property, including Miss Alethea Heredith, the formidable hostess; her nephew Philip, who recently married Violet; and a range of their modern friends. As they prepare for a country dance, the palpable tension crescendos with Violet's mysterious illness, and the story takes a thrilling turn when her bloodied body is discovered after a shriek pierces the gathering, signifying a chilling murder that disrupts the life and peace of the historic moorland estate.  ...",the hand in the dark|rees arthur j arthur john 1872 1942,
14818,The Daughter of Anderson Crow,"McCutcheon, George Barr, 1866-1928",English,PS: Language and Literatures: American and Canadian literature,City and town life -- Fiction | Foundlings -- Fiction | New York (State) -- Fiction,"Jan 27, 2005",https://www.gutenberg.org/ebooks/14818,"""The Daughter of Anderson Crow"" by George Barr McCutcheon is a novel likely written in the early 20th century. The story is set in the fictional town of Tinkletown and follows its notable resident, Anderson Crow, who serves as the town marshal, fire chief, and a self-proclaimed detective. The narrative centers around his quirks and the comic events that unfold, particularly surrounding a murder case that begins with a series of chaotic mishaps, including the sale of a horse and buggy that may be connected to the crime. At the start of the book, we are introduced to Anderson Crow, who is characterized as an important figure in Tinkletown, basking in the recent glory of being an official detective. His peaceful day is interrupted by the arrival of a mysterious stranger who inadvertently entangles Crow in a dramatic event involving a murder and the sale of stolen goods. As he becomes embroiled in a manhunt, the townspeople's perceptions of Crow shift, revealing his comedic earnestness amid rising tensions. The opening chapter sets the stage for a blend of humor and mystery, with Crow's affable yet clumsy approach to law enforcement promising an entertaining exploration of small-town life and intrigue.  ...",the daughter of anderson crow|mccutcheon george barr 1866 1928,
1686,The Secret of the Night,"Leroux, Gaston, 1868-1927",English,"PQ: Language and Literatures: Romance literatures: French, Italian, Spanish, Portuguese","Detective and mystery stories | Rouletabille, Joseph (Fictitious character) -- Fiction | Generals -- Fiction | Attempted assassination -- Fiction","Mar 1, 1999",https://www.gutenberg.org/ebooks/1686,"""The Secret of the Night"" by Gaston Leroux is a novel written during the late 19th century. The story appears to unveil a tale of mystery and intrigue that revolves around General Trebassof, a figure embroiled in the tensions of revolutionary Russia, and the imminent threats against his life. The narrative introduces key characters such as Matrena Petrovna, the general's protective wife, and Joseph Rouletabille, a young reporter sent to investigate the dark circumstances surrounding the general’s fate. At the start of the novel, we meet Matrena Petrovna, who is deeply concerned for her husband’s safety following previous assassination attempts. The atmosphere is charged with tension as she prepares to receive a young stranger, Rouletabille, who has come to aid in the investigation. The opening reveals a family struggling with secrets, danger, and the burdens of loyalty, while the ominous presence of the police highlights the perilous environment in which they exist. As Matrena explains the series of attacks on her husband, the reader is immediately pulled into a web of suspense that tests the bonds of family and the desperation of survival amid political chaos.  ...",the secret of the night|leroux gaston 1868 1927,
1931,The Zeppelin's Passenger,"Oppenheim, E. Phillips (Edward Phillips), 1866-1946",English,PR: Language and Literatures: English literature,"Historical fiction | World War, 1914-1918 -- Fiction","Oct 1, 1999",https://www.gutenberg.org/ebooks/1931,"""The Zeppelin's Passenger"" by E. Phillips Oppenheim is a novel likely written in the early 20th century, set during World War I. The story begins with a group of characters, including Captain Griffiths and Helen Fairclough, discussing a mysterious Zeppelin incident, sparking a mixture of curiosity and concern. The narrative seems to center around themes of espionage, loyalty, and romantic entanglements against the backdrop of the war, particularly focusing on Helen and her fiancé, Major Felstead, who has been reported missing. The opening of the book takes place in a comfortable library where tea is being served to guests. The conversation reveals concern over a Zeppelin's observation car that has landed unexpectedly. The characters engage in light banter, yet an underlying tension is present due to the war and the fate of Major Felstead, who has been captured. Helen expresses anguish over her fiancé's situation, while Captain Griffiths appears to be harboring deeper, more personal feelings towards Helen. This mix of ordinary concerns and the strain of war sets the stage for a story intertwined with suspense and emotional depth as the narrative unfolds.  ...",the zeppelin s passenger|oppenheim e phillips edward phillips 1866 1946,
43063,A Case in Camera,"Onions, Oliver, 1873-1961",English,PR: Language and Literatures: English literature,Murder -- Fiction | England -- Social life and customs -- 20th century -- Fiction | Mystery fiction,"Jun 29, 2013",https://www.gutenberg.org/ebooks/43063,"""A Case in Camera"" by Oliver Onions is a novel written in the early 20th century. The story kicks off with a murder mystery, following a young artist named Philip Esdaile who finds himself entangled in a complex web of events surrounding a tragic accident involving a crashing aeroplane and a fatality. The opening chapters introduce a vibrant breakfast gathering of friends, which is abruptly interrupted by the alarming incident that will lead to unforeseen complications for the characters involved. The beginning of the novel establishes a light-hearted yet intimate atmosphere filled with camaraderie among the characters, only for it to take a dark turn when a parachute unexpectedly lands on Esdaile's studio. As the aftermath unfolds, it becomes clear that Esdaile may be hiding something related to the accident involving two aviators, one of whom is critically injured while the other is deceased. The narrative hints at secrets, potential motives, and the psychological impact this incident will have on Esdaile and his friends, setting the stage for a deeper exploration of themes such as morality, loyalty, and the repercussions of one’s actions.  ...",a case in camera|onions oliver 1873 1961,
1849,The Yellow Crayon,"Oppenheim, E. Phillips (Edward Phillips), 1866-1946",English,PR: Language and Literatures: English literature,Fiction | Detective and mystery stories,"Aug 1, 1999",https://www.gutenberg.org/ebooks/1849,"""The Yellow Crayon"" by E. Phillips Oppenheim is a novel likely written in the early 20th century. The story introduces Mr. Sabin, a man of apparent prominence who is engulfed in a mysterious and troubling circumstance—the disappearance of his wife, the Duchess of Souspennier. The narrative unfolds with Mr. Sabin's internal turmoil and his determination to uncover the truth behind her absence, showcasing themes of love, deception, and the quest for justice. The opening of ""The Yellow Crayon"" sets the stage with a rich, languorous atmosphere, describing a beautiful summer day juxtaposed with Mr. Sabin's deep introspection and melancholy. After a prolonged period of contemplation in his lavish yet empty surroundings, he prompts his servant, Duson, to prepare for their imminent departure to New York, as he is set on locating his wife. The details of their flight lead to a hurried telegram to Felix, hinting at a connection to greater stakes. Exploring the immediate aftermath of his wife’s disappearance and Mr. Sabin's resolve, the beginning tantalizingly hints at both the personal stakes involved and the broader intrigues that await in the unfolding mystery.  ...",the yellow crayon|oppenheim e phillips edward phillips 1866 1946,
3321,Children of the Whirlwind,"Scott, Leroy, 1875-1929",English,PS: Language and Literatures: American and Canadian literature,Love stories | Criminals -- Fiction | Ex-convicts -- Fiction,"Jul 1, 2002",https://www.gutenberg.org/ebooks/3321,"""Children of the Whirlwind"" by Leroy Scott is a novel likely written in the early 20th century. The story unfolds in a gritty neighborhood in New York City, focusing on the lives of two main characters, Maggie Carlisle and Larry Brainard, whose tumultuous fates begin in a humble and unremarkable setting. The book explores themes of struggle, ambition, and the seductive pull of a life of crime versus the challenging journey toward redemption. The opening portion of the novel introduces the reader to a drab street where Maggie lives with her enigmatic landlady, the Duchess, and her father, Old Jimmie, who is a petty criminal. We learn about Maggie's longing for a better life and her complex feelings toward the returning Larry Brainard, a charming yet flawed character with a criminal past. As Maggie navigates her daily life and contemplates her unfulfilled dreams, the narrative hints at the potential for both beauty and destruction in their lives, setting the stage for the unfolding drama and tension that will define their relationship. The initial encounters paint a vivid picture of the characters' struggles while foreshadowing the conflicts and decisions they will face as they grapple with their pasts and future aspirations.  ...",children of the whirlwind|scott leroy 1875 1929,
67160,The Hunter's Lodge Case,"Christie, Agatha, 1890-1976",English,PR: Language and Literatures: English literature,"Short stories | Private investigators -- England -- Fiction | Detective and mystery stories | Murder -- Investigation -- Fiction | Poirot, Hercule (Fictitious character) -- Fiction","Jan 14, 2022",https://www.gutenberg.org/ebooks/67160,"""The Hunter's Lodge Case"" by Agatha Christie is a crime fiction novella written in the early 20th century. This work is a captivating example of Christie's mastery in crafting intricate murder mysteries, centering around the famous detective Hercule Poirot. The story unfolds as Hercule Poirot, although recovering from influenza, is drawn into a puzzling case involving the murder of a wealthy man named Mr. Harrington Pace at a remote shooting lodge. The plot follows Captain Hastings, Poirot's loyal companion, as he is dispatched to investigate the murder after being contacted by Roger Havering, Pace's nephew. The narrative details the sequence of events leading up to the murder, including a mysterious visitor and the frantic attempts of both local police and Hastings to uncover the truth. Multiple suspects arise, including Havering and his wife, Zoe, who deceives everyone around her. Poirot ultimately deduces that the seemingly innocent housekeeper is a figment of Zoe's elaborate ruse, devised to create an alibi during the murder. The resolution unfolds with Poirot's insights into the deceptions, yet the tragic fate of the murderers offers a poignant reflection on justice.  ...",the hunter s lodge case|christie agatha 1890 1976,
10102,The Czar's Spy: The Mystery of a Silent Love,"Le Queux, William, 1864-1927",English,PR: Language and Literatures: English literature,Spy stories,"Nov 1, 2003",https://www.gutenberg.org/ebooks/10102,"""The Czar's Spy: The Mystery of a Silent Love"" by William Le Queux is a novel written in the early 20th century. The narrative centers around Gordon Gregg, a British Consul acting temporarily in Leghorn, Italy, who becomes embroiled in a web of intrigue following an incident involving a yacht named the ""Lola"" and its enigmatic owner, Philip Hornby. As strange occurrences unfold, including a break-in at the Consulate, the story hints at deeper conspiracies, hidden identities, and a mystery involving a woman whose photograph is found torn and discarded. At the start of the book, the protagonist is introduced while managing his duties at the British Consulate, where he learns about a yacht mishap that raises suspicions among the local authorities. As the story progresses, Hornby visits the Consulate to express gratitude for the rescue operation, but things take a sinister turn when it’s revealed that a theft has occurred at the Consulate shortly after his visit. The incident propels Gregg into a mystery involving Hornby, a dubious crew, and a woman whose identity ties into the unfolding plot. The atmosphere thickens with intrigue, prompting questions about loyalty, deception, and hidden motives as Gregg navigates this treacherous landscape.  ...",the czar s spy the mystery of a silent love|le queux william 1864 1927,
2813,The Grand Babylon Hôtel,"Bennett, Arnold, 1867-1931",English,PR: Language and Literatures: English literature,London (England) -- Fiction | Americans -- England -- Fiction | Millionaires -- Fiction,"Sep 1, 2001",https://www.gutenberg.org/ebooks/2813,"""The Grand Babylon Hôtel"" by Arnold Bennett is a novel published in 1902. When American millionaire Theodore Racksole buys London's most exclusive hotel on a whim, he expects luxury—not mystery. His purchase unleashes a chain of bizarre events: a winking headwaiter, a vanishing clerk, a missing German prince, and a poisoned body that disappears. As Racksole and his daughter Nella investigate, they uncover an international conspiracy lurking beneath the hotel's elegant facade. This suspenseful tale blends intrigue, danger, and adventure within the glamorous world of high society.  ...",the grand babylon hotel|bennett arnold 1867 1931,
23599,The Big Fix,"Smith, George O. (George Oliver), 1911-1981",English,PS: Language and Literatures: American and Canadian literature,Science fiction | Short stories | Telepathy -- Fiction | Horse racing -- Fiction | Psychic ability -- Fiction,"Nov 23, 2007",https://www.gutenberg.org/ebooks/23599,"""The Big Fix"" by George O. Smith is a science fiction novel written in the mid-20th century. The story takes place in a world where telepathy and psi powers exist, creating a complex social landscape where manipulations of chance and human nature become intricate games. The narrative revolves around the protagonist, Wally Wilson, who is confronted with an outrageous request to fix the outcome of the Kentucky Derby involving three seemingly incapable horses. In the plot, Wally finds himself coerced by the enigmatic Joseph Barcelona into ensuring that Flying Heels, Moonbeam, and Lady Grace finish in a specific order at the Derby. As he navigates the dangerous intersection of crime, telepathy, and the law, Wally grapples with the ethical implications of his predicament. The story is enriched with a cast of colorful characters, including the tough yet captivating Tomboy Taylor, and Lieutenant Delancey, who is suspicious of Wally's activities. Throughout the book, Wally's struggle to balance friendship, criminal activity, and his own moral compass leads to a clever resolution where human nature ultimately thwarts Barcelona's plan, illustrating the resilience of integrity amid the temptations of manipulation.  ...",the big fix|smith george o george oliver 1911 1981,
75201,A farewell to arms,"Hemingway, Ernest, 1899-1961",English,PS: Language and Literatures: American and Canadian literature,"World War, 1914-1918 -- Fiction | War stories | Man-woman relationships -- Fiction | Military deserters -- Fiction | Military hospitals -- Fiction | Soldiers -- United States -- Fiction | War wounds -- Fiction | World War, 1914-1918 -- Campaigns -- Italy -- Fiction | World War, 1914-1918 -- Medical care -- Fiction","Jan 24, 2025",https://www.gutenberg.org/ebooks/75201,"""A farewell to arms"" by Ernest Hemingway is a novel first published in 1929. Set during World War I's Italian campaign, it follows American lieutenant Frederic Henry, who serves in the Italian ambulance corps. When he meets English nurse Catherine Barkley, a passionate love affair develops against the brutal backdrop of war. As battle intensifies and their relationship deepens, the lovers face devastating choices that will test whether their bond can survive the chaos surrounding them.  ...",a farewell to arms|hemingway ernest 1899 1961,
42671,Pride and Prejudice,"Austen, Jane, 1775-1817",English,PR: Language and Literatures: English literature,England -- Fiction | Young women -- Fiction | Love stories | Sisters -- Fiction | Domestic fiction | Courtship -- Fiction | Social classes -- Fiction,"May 9, 2013",https://www.gutenberg.org/ebooks/42671,"""Pride and Prejudice"" by Jane Austen is a novel published in 1813. It follows Elizabeth Bennet, who must learn to see beyond hasty judgments and superficial appearances. With five daughters and an estate that can only pass to a male heir, the Bennet family faces financial uncertainty. Marriage becomes essential for survival. When wealthy Mr. Darcy arrives in their neighborhood, his pride and Elizabeth's prejudice ignite a conflict that will challenge everything she believes about goodness, character, and love.  ...",pride and prejudice|austen jane 1775 1817,
74,"The Adventures of Tom Sawyer, Complete","Twain, Mark, 1835-1910",English,PS: Language and Literatures: American and Canadian literature,"Humorous stories | Bildungsromans | Boys -- Fiction | Male friendship -- Fiction | Adventure stories | Missouri -- Fiction | Sawyer, Tom (Fictitious character) -- Fiction | Child witnesses -- Fiction | Runaway children -- Fiction | Mississippi River Valley -- Fiction","Jul 1, 2004",https://www.gutenberg.org/ebooks/74,"""The Adventures of Tom Sawyer, Complete"" by Mark Twain is a novel published in 1876 about a mischievous boy growing up along the Mississippi River in the 1830s-1840s. Tom Sawyer and his friend Huckleberry Finn navigate childhood adventures that take increasingly dangerous turns when they witness a murder in a graveyard. Sworn to secrecy and living in fear, the boys must decide whether to speak the truth as an innocent man faces trial, while a vengeful killer remains free.  ...",the adventures of tom sawyer complete|twain mark 1835 1910,
4300,Ulysses,"Joyce, James, 1882-1941",English,PR: Language and Literatures: English literature,City and town life -- Fiction | Psychological fiction | Domestic fiction | Married people -- Fiction | Male friendship -- Fiction | Dublin (Ireland) -- Fiction | Epic literature | Artists -- Fiction | Jewish men -- Fiction | Alienation (Social psychology) -- Fiction,"Jul 1, 2003",https://www.gutenberg.org/ebooks/4300,"""Ulysses"" by James Joyce is a modernist novel published in 1922. It chronicles one day in Dublin—June 16, 1904—following three characters whose experiences mirror Homer's Odyssey. Leopold Bloom parallels Odysseus, his wife Molly echoes Penelope, and Stephen Dedalus reflects Telemachus. Through experimental prose styles and stream of consciousness technique, Joyce explores themes of identity, Irish life, and human consciousness. The novel's complexity, literary allusions, and revolutionary approach to depicting thought have made it one of modernism's most celebrated and debated works.  ...",ulysses|joyce james 1882 1941,
31100,The Complete Project Gutenberg Works of Jane Austen A Linked Index of all PG Editions of Jane Austen,"Austen, Jane, 1775-1817",English,PR: Language and Literatures: English literature,"Love stories, English | England -- Social life and customs -- Fiction","Jan 25, 2010",https://www.gutenberg.org/ebooks/31100,"""The Complete Project Gutenberg Works of Jane Austen"" by Jane Austen is a comprehensive collection of her literary works compiled in the early 21st century. This anthology features beloved novels such as ""Pride and Prejudice,"" ""Emma,"" and ""Sense and Sensibility,"" among others. The texts center around societal norms, manners, and romantic entanglements in the early 19th-century British gentry, often highlighting the lives and struggles of strong female protagonists. At the start of ""Persuasion,"" one of the novels included in this collection, readers are introduced to Sir Walter Elliot, a preening baronet of Kellynch Hall whose vanity shapes his dismissive views of his own daughters, particularly Anne, the protagonist. As Sir Walter faces financial difficulties, the narrative hints at the family's impending move to Bath, which will change their dynamics significantly. The opening establishes the tone of social critique while neatly setting the stage for the juxtaposition of societal expectations and personal desires—elements that will play a crucial role in Anne's development throughout the story. Notably, the beginning highlights the contrast between Anne's quiet strength and her father's shallow concerns, suggesting deeper themes of character and value versus social status.  ...",the complete project gutenberg works of jane austen a linked index of all pg editions of jane austen|austen jane 1775 1817,
76,Adventures of Huckleberry Finn,"Twain, Mark, 1835-1910",English,PS: Language and Literatures: American and Canadian literature,"Humorous stories | Bildungsromans | Boys -- Fiction | Male friendship -- Fiction | Adventure stories | Missouri -- Fiction | Race relations -- Fiction | Runaway children -- Fiction | Finn, Huckleberry (Fictitious character) -- Fiction | Fugitive slaves -- Fiction | Mississippi River -- Fiction","Jun 29, 2004",https://www.gutenberg.org/ebooks/76,"""Adventures of Huckleberry Finn"" by Mark Twain is a picaresque novel published in 1884-1885. Told in vernacular English, it follows young Huck Finn as he escapes his abusive father and flees down the Mississippi River with Jim, an enslaved man seeking freedom. Their journey brings encounters with feuding families, con artists, and moral dilemmas that challenge Huck's conscience. Set in the antebellum South, this sequel to ""Tom Sawyer"" is celebrated for its portrayal of boyhood and its satirical examination of racism and society.  ...",adventures of huckleberry finn|twain mark 1835 1910,
76178,I am a woman,"Bannon, Ann, 1932-",English,PS: Language and Literatures: American and Canadian literature,New York (N.Y.) -- Fiction | Love stories | Lesbians -- Fiction,"May 29, 2025",https://www.gutenberg.org/ebooks/76178,"""I Am a Woman"" by Ann Bannon is a lesbian pulp fiction novel written in 1959. Laura Landon flees her harsh father and college failure to start fresh in New York City's Greenwich Village. Living with vivacious roommate Marcie, Laura discovers unexpected feelings and navigates the underground gay bar scene with new friends Jack and Beebo Brinker. As attraction, longing, and self-discovery collide, Laura must confront the truth about herself, her relationships, and her painful past in this groundbreaking story.  ...",i am a woman|bannon ann 1932,
1212,Love and Freindship [sic],"Austen, Jane, 1775-1817",English,PR: Language and Literatures: English literature,Essays | Epistolary fiction | England -- Social life and customs -- 18th century -- Fiction,"Feb 1, 1998",https://www.gutenberg.org/ebooks/1212,"""Love and Freindship"" [sic] by Jane Austen is a juvenile story written in 1790. Composed when Austen was just fourteen years old, this epistolary tale brilliantly parodies the romantic novels of sensibility popular in her era. Through letters from the heroine Laura, Austen lampoons the absurd conventions of sentimental fiction—fainting spells, wild coincidences, and exaggerated emotions. The story follows Laura's whirlwind marriage, unlikely family reunions, and dramatic misfortunes, showcasing the sharp wit that would define Austen's later masterpieces.  ...",love and freindship sic|austen jane 1775 1817,
17460,Lorna Doone: A Romance of Exmoor,"Blackmore, R. D. (Richard Doddridge), 1825-1900",English,PR: Language and Literatures: English literature,"Historical fiction | Monmouth's Rebellion, 1685 -- Fiction | Love stories | Exmoor (England) -- Fiction","Jan 4, 2006",https://www.gutenberg.org/ebooks/17460,"""Lorna Doone: A Romance of Exmoor"" by R. D. Blackmore is a novel published in 1869. Set in 17th-century Devon and Somerset, it follows John Ridd, a farmer whose father was murdered by the outlaw Doone clan. When John falls in love with Lorna, who appears to be a Doone, he faces an impossible choice between vengeance and devotion. As secrets about Lorna's true identity emerge and political rebellion sweeps England, their love confronts deadly obstacles that threaten to destroy them both.  ...",lorna doone a romance of exmoor|blackmore r d richard doddridge 1825 1900,
53416,Only a girl's love,"Garvice, Charles, 1850-1920",English,PR: Language and Literatures: English literature,English fiction | Love stories | Dime novels,"Oct 31, 2016",https://www.gutenberg.org/ebooks/53416,"""Only a Girl's Love"" by Charles Garvice is a novel likely written in the late 19th century. The story centers around a young girl named Stella, who seeks refuge with her uncle, James Etheridge, after running away from a strict and unhappy school in Florence. As Stella integrates into her uncle's world, the novel hints at her struggles and a potentially deepening relationship with James, while introducing themes of love, family, and personal fulfillment. The opening of the novel paints a serene picture of early summer in the English countryside, contrasting the tranquility of nature with Stella's tumultuous past. As James Etheridge, a painter, quietly works in his cottage, Stella unexpectedly arrives, filled with emotion and a longing for warmth and connection following her father's death. Their ensuing conversation reveals Stella’s personal hardships and her uncle's deep care for her well-being. The chapter ends with hints of romantic tension as Stella finds herself drawn to the nearby Wyndward Hall, home to the enigmatic Leycester Wyndward, setting the stage for deeper interactions and developments as the story progresses.  ...",only a girl s love|garvice charles 1850 1920,
224,A pair of blue eyes,"Hardy, Thomas, 1840-1928",English,PR: Language and Literatures: English literature,Didactic fiction | Triangles (Interpersonal relations) -- Fiction | Wessex (England) -- Fiction | Separation (Psychology) -- Fiction | Elopement -- Fiction,"Jul 11, 2008",https://www.gutenberg.org/ebooks/224,"""A Pair of Blue Eyes"" by Thomas Hardy is a novel written during the late 19th century. This work explores themes of love and social class through the experiences of Elfride Swancourt, a young woman navigating her emotions and relationships in a rural English setting. The story is set against the backdrop of church restoration and the wild landscapes of Wessex, interweaving the intricacies of love and societal expectations. At the start of the narrative, we are introduced to Elfride, a twenty-year-old girl, who possesses a depth of emotion but lacks social sophistication. As her father, the parish vicar, is laid up with illness, Elfride prepares to host Stephen Smith, a young architect sent to oversee the restoration of a local church. The beginning paints a picture of Elfride's character—innocent, curious, and somewhat naive—as she contemplates the arrival of Stephen with both excitement and trepidation. Their first meeting hints at a brewing tension, setting the stage for the developing romantic intrigue amidst the constraints of their social surroundings. As Elfride grapples with her feelings in this remote part of England, Hardy begins to weave a tale that explores not just the heart, but also the complex web of class and identity in the 19th-century English society.  ...",a pair of blue eyes|hardy thomas 1840 1928,
51428,That Which Hath Wings: A Novel of the Day,,English,PR: Language and Literatures: English literature,"World War, 1914-1918 -- Fiction","Mar 12, 2016",https://www.gutenberg.org/ebooks/51428,"""That Which Hath Wings: A Novel of the Day"" by Richard Dehan is a novel written in the early 20th century. The story centers around the lives of Francis, Viscount Norwater, and his wife Margot, who navigate the trials and tribulations of their newlywed life just before the onset of World War I. Their passionate romance is juxtaposed against societal expectations and Miss Margot's struggle with the idea of motherhood which complicates their relationship. At the start of the novel, we are introduced to Franky and Margot on the occasion of their wedding in January 1914. The narrative captures their vibrant courtship, set against the backdrop of a glamorous but superficial social scene. Yet, their idyllic life takes a drastic turn as Margot grapples with the implications of impending motherhood and societal pressure, leading to poignant conversations between the couple. This opening sets the stage for the exploration of love, societal norms, and the looming shadows of war that threaten to reshape their lives.  ...",that which hath wings a novel of the day|,
55179,One of the Six Hundred: A Novel,,English,PR: Language and Literatures: English literature,"Crimean War, 1853-1856 -- Fiction","Jul 23, 2017",https://www.gutenberg.org/ebooks/55179,"""One of the Six Hundred: A Novel"" by James Grant is a historical fiction written in the late 19th century. The narrative follows a young British cavalry officer, Lieutenant Newton Norcliff, who provides a glimpse into his life as he embarks on a journey home after serving in various military campaigns. The story vividly explores themes of duty, love, and the complexities of family relationships during a period when the British military was actively involved in overseas conflicts. The opening of the novel introduces Lieutenant Norcliff as he prepares to leave the barracks for a month-long leave back home. He reflects on his experiences in the military, the anticipation of foreign service, and the emotional weight of returning to a family and a home that have changed since his departure. His thoughts are intertwined with memories of his deceased mother and the unresolved feelings for his cousin, Cora, as he navigates the shift between military life and the welcoming familiarity of home. The beginning sets an engaging tone for a tale that promises adventure, romance, and the exploration of personal growth amidst the backdrop of historical events.  ...",one of the six hundred a novel|,
38311,What Will People Say? A Novel,"Hughes, Rupert, 1872-1956",English,PS: Language and Literatures: American and Canadian literature,Triangles (Interpersonal relations) -- Fiction | Man-woman relationships -- Fiction | New York (N.Y.) -- Social life and customs -- 20th century -- Fiction,"Dec 15, 2011",https://www.gutenberg.org/ebooks/38311,"""What Will People Say?"" by Rupert Hughes is a novel written in the early 20th century. It follows the story of Lieutenant Harvey Forbes, a young soldier recently returned from the Philippines, as he navigates the vibrant yet perplexing world of New York City. In particular, the narrative focuses on his fascination with the beauty and allure of women in high society, especially a mysterious woman he encounters while exploring Fifth Avenue. The book appears to delve into themes of love, social expectations, and the complexities of human interactions in a rapidly changing urban environment. At the start of the story, Lieutenant Forbes observes the bustling streets of New York and reflects on his time away. He becomes enthralled by the parade of women, with his attention fixed on one captivating figure adorned with a striking hat. As he attempts to catch a glimpse of her face, he experiences a mix of admiration and envy, propelling him into a quest to uncover her identity. The narrative introduces the contrasts between lavish city life and personal conflict as Forbes assesses the seemingly effortless interactions among the well-to-do, all while grappling with his own emotions and the implications of what love and desire entail in such a dynamic society.  ...",what will people say a novel|hughes rupert 1872 1956,
31472,Cynthia's Chauffeur,"Tracy, Louis, 1863-1928",English,PR: Language and Literatures: English literature,Love stories | Americans -- England -- Fiction | Chauffeurs -- Fiction,"Mar 2, 2010",https://www.gutenberg.org/ebooks/31472,"""Cynthia's Chauffeur"" by Louis Tracy is a novel written in the early 20th century. The story unfolds on Derby Day in London and introduces a delightful American girl named Cynthia Vanrenen and her English chaperon, Mrs. Devar. When their chauffeur is unable to take them on their planned journey due to a car accident, young Lord Medenham decides to step in, disguising himself as their driver. This unexpected twist sets the stage for a unique love story entwined with themes of class distinction and adventure. At the start of the novel, the scene is bustling with the excitement of Derby Day, creating a lively backdrop. Cynthia and Mrs. Devar are poised to embark on a picturesque road trip, but when their chauffeur encounters misfortune, they are introduced to Lord Medenham, who takes over the driving duties. The initial interactions between Cynthia and Medenham hint at an undeniable chemistry as they embark on their journey through the English countryside, all while evading social conventions and class expectations. The opening chapters establish a blend of romance, humor, and the potential for adventure, enticing readers to follow as the story progresses.  ...",cynthia s chauffeur|tracy louis 1863 1928,
31635,The Silent Barrier,"Tracy, Louis, 1863-1928",English,PR: Language and Literatures: English literature,Adventure stories | Switzerland -- Fiction | Voyages and travels -- Fiction | Mystery fiction,"Mar 14, 2010",https://www.gutenberg.org/ebooks/31635,"""The Silent Barrier"" by Louis Tracy is a novel written in the early 20th century. The narrative centers around Charles K. Spencer, an American mining engineer who finds himself in London after a series of successful ventures. His life takes an intriguing turn when he becomes enchanted by a young woman named Helen Wynton, whom he overhears discussing her modest life and dreams about traveling to the Swiss Alps. Spencer's desire to grant Helen a grand adventure unfolds amid a backdrop of romance and social intrigue. The opening of the story introduces us to Spencer as he navigates a luxurious hotel, where he becomes captivated by Helen and her friend Millicent. Through their lively conversation, we learn about their aspirations and daily struggles, revealing Helen's work as a secretary to a scientist while pursuing her own writing ambitions. As Spencer decides to play a 'fairy godfather' role, planning to send Helen on a trip to Switzerland under the guise of a journalistic assignment, the dynamics between the characters hint at tension and potential conflict, particularly with the arrival of the mysterious Mark Bower, who shows undue interest in Helen's journey. This immersive beginning sets the stage for a tale that promises adventure, romantic entanglements, and the exploration of societal norms.  ...",the silent barrier|tracy louis 1863 1928,
28203,Moods,"Alcott, Louisa May, 1832-1888",English,PS: Language and Literatures: American and Canadian literature,Young women -- Fiction,"Feb 27, 2009",https://www.gutenberg.org/ebooks/28203,"""Moods"" by Louisa May Alcott is a novel published in 1864. Young Sylvia Yule navigates the passage from girlhood to womanhood, caught between two men: Geoffrey Moor, whom she cherishes as a friend, and Adam Warwick, whom she passionately loves. When circumstances lead her to marry Moor without true love, Sylvia must confront the consequences of acting on impulse rather than principle. Her struggle between duty and desire unfolds as a meditation on marriage, independence, and the heart's unpredictable moods.  ...",moods|alcott louisa may 1832 1888,
2825,Undine,"La Motte-Fouqué, Friedrich Heinrich Karl, Freiherr de, 1777-1843",English,"PT: Language and Literatures: Germanic, Scandinavian, and Icelandic literatures",Fantasy fiction | Knights and knighthood -- Fiction | Love stories | Romances -- Translations into English | Fairy tales -- Germany | Water spirits -- Fiction,"Sep 1, 2001",https://www.gutenberg.org/ebooks/2825,"""Undine"" by Friedrich de la Motte Fouque is a romantic fairy tale novel written in the early 19th century. The story follows Undine, a water sprite, and her encounters with humans, particularly focusing on her relationship with Sir Huldbrand of Ringstetten. The narrative delves into themes of love, sacrifice, and the quest for a soul, addressing the nature of humanity through the lens of supernatural elements. The beginning of ""Undine"" introduces the idyllic setting of a picturesque cottage by a lake, where a fisherman lives with his aged wife. Their life is disrupted by the arrival of a knight, Sir Huldbrand, who is seeking shelter. During their evening together, they discuss the strange and whimsical personality of their adopted daughter, Undine, who is portrayed as a beautiful yet mischievous water spirit. The narrative hints at the mysteries surrounding Undine's origin, her connection to the water, and the potential for deeper magical and romantic entanglements as the knight becomes captivated by her charm. As the evening unfolds, Undine's enchanting presence foreshadows the challenges and adventures that lie ahead for both her and Sir Huldbrand.  ...",undine|la motte fouque friedrich heinrich karl freiherr de 1777 1843,
36223,The Boy with Wings,"Ruck, Berta, 1878-1978",English,PR: Language and Literatures: English literature,"Love stories | World War, 1914-1918 -- England -- Fiction | England -- Social life and customs -- 20th century -- Fiction | Air pilots, Military -- Fiction","May 27, 2011",https://www.gutenberg.org/ebooks/36223,"""The Boy with Wings"" by Berta Ruck is a novel written in the early 20th century. The story centers around Gwenna Williams, a young Welsh girl who has left her rural home to pursue a life in London. Here, amidst the excitement of the aviation world, she dreams of adventure and love, particularly with a charming airman named Paul Dampier. The opening of the novel introduces Gwenna and her friends as they attend a flying exhibition at Hendon. Enchanted by the sight of biplanes soaring through the sky, Gwenna feels a spark of passion and longing for a life filled with excitement. As the story unfolds, she expresses her desire to fly and becomes enthralled by Paul Dampier, who embodies the adventurous spirit she yearns for. The narrative captures her youthful enthusiasm as she navigates new experiences, friendships, and the throes of first love, setting the stage for her journey of self-discovery and the challenges she may face as the backdrop of World War I looms ahead.  ...",the boy with wings|ruck berta 1878 1978,
48296,Linnet: A Romance,"Allen, Grant, 1848-1899",English,PR: Language and Literatures: English literature,London (England) -- Fiction | Alps -- Fiction | Tyrol (Austria) -- Fiction,"Feb 17, 2015",https://www.gutenberg.org/ebooks/48296,"""Linnet: A Romance"" by Grant Allen is a novel written in the late 19th century. The story follows the character of Florian Wood and his companion Will Deverill as they travel through the picturesque Tyrol region, encountering local culture and characters, including a talented singer named Linnet. The opening of the book introduces us to Florian Wood, a man with a romanticized view of the Tyrolese landscape and its people. He and Will arrive in Zell, eager to explore, but quickly find that their expectations of an idyllic Alpine paradise are met with a more commercialized reality. As they trek towards a nearby village, they engage in witty conversation about the nature of life in the Tyrol. Upon meeting local children and discovering the reality of their surroundings, Florian is disheartened to find that the idyllic image he had in mind does not align with the local experience. Their journey leads them to meet Linnet, who symbolizes the captivating culture they seek amidst the beauty and challenges of rural life. The ensuing narrative promises to explore themes of love, culture, and the contrast between idealism and reality.  ...",linnet a romance|allen grant 1848 1899,
36725,On the Cross: A Romance of the Passion Play at Oberammergau,"Hillern, Wilhelmine von, 1836-1916",English,"PT: Language and Literatures: Germanic, Scandinavian, and Icelandic literatures",Oberammergauer Passionsspiel -- Fiction | Oberammergau (Germany) -- Fiction,"Jul 15, 2011",https://www.gutenberg.org/ebooks/36725,"""On the Cross: A Romance of the Passion Play at Oberammergau"" by Wilhelmine von Hillern is a novel written in the early 20th century. The story is set in the picturesque village of Oberammergau, known for its Passion Play, and revolves around themes of faith, sacrifice, and the human search for meaning. The opening introduces the main character, Countess Madeleine von Wildenau, as she embarks on a journey filled with longing, self-discovery, and the complexities of love amid the backdrop of religious fervor. The beginning of the novel sets a dramatic and introspective tone as Countess Madeleine arrives in Oberammergau, reflecting on her spiritual struggles and yearning for deeper meaning in her life. She encounters various characters, including a mysterious man with a burdened gaze seen from a distance, stirring questions about identity and purpose. As the Countess navigates the challenges of her aristocratic existence juxtaposed against the simplicity of the villagers' lives, her experiences lead to profound realizations about faith, duty, and the timeless nature of human longing for connection and truth. This poignant start hints at an exploration of not only personal but also collective struggles in the face of historical and cultural upheaval.  ...",on the cross a romance of the passion play at oberammergau|hillern wilhelmine von 1836 1916,
38177,The Passionate Elopement,"MacKenzie, Compton, 1883-1972",English,PR: Language and Literatures: English literature,England -- Social life and customs -- 18th century -- Fiction | Health resorts -- Fiction,"Nov 30, 2011",https://www.gutenberg.org/ebooks/38177,"""The Passionate Elopement"" by Compton MacKenzie is a novel written in the early 20th century. The story is set in the picturesque town of Curtain Wells, which serves as an inland spa, and follows a vibrant cast of characters as they navigate issues of love, society, and personal ambitions, with a particular focus on the romantic entanglements of Miss Phyllida Courteen and Mr. Francis Vernon. The novel promises a blend of humor and social commentary, exploring the eccentricities of its protagonists against a backdrop of whimsical and romantic escapades. The opening of ""The Passionate Elopement"" introduces readers to the quirky ambiance of Curtain Wells, marked by its strict routines and vibrant social life. We meet various characters, including the flamboyant Beau Ripple and the lovestruck Mr. Vernon, as they prepare for Valentine's Day, a day imbued with expectations and desires that complicate their relationships. The scene is set for a comedic exploration of love and social standing, as the characters engage in their morning rituals, with Phyllida dreaming of romance and Mr. Vernon contemplating the implications of his affections. This lively introduction sets the stage for a narrative rich in character interplay and societal observation.  ...",the passionate elopement|mackenzie compton 1883 1972,
113,The Secret Garden,"Burnett, Frances Hodgson, 1849-1924",English,PZ: Language and Literatures: Juvenile belles lettres,Orphans -- Juvenile fiction | People with disabilities -- Juvenile fiction | Gardens -- Juvenile fiction | Yorkshire (England) -- Juvenile fiction,"Mar 1, 1994",https://www.gutenberg.org/ebooks/113,"""The Secret Garden"" by Frances Hodgson Burnett is a children's novel first published in 1911. When orphaned Mary Lennox arrives at her uncle's gloomy Yorkshire manor, she discovers a locked garden that has been abandoned for ten years. As Mary explores this hidden world, she uncovers family secrets and finds an unexpected companion—her bedridden cousin Colin. Together with a nature-loving boy named Dickon, the children nurture the forgotten garden back to life, transforming themselves in the process.  ...",the secret garden|burnett frances hodgson 1849 1924,
1608,Camille (La Dame aux Camilias),"Dumas, Alexandre, 1824-1895",English,"PQ: Language and Literatures: Romance literatures: French, Italian, Spanish, Portuguese",Fathers and sons -- Fiction | Love stories | Paris (France) -- Fiction | Courtesans -- Fiction | Tuberculosis -- Patients -- Fiction,"Jan 1, 1999",https://www.gutenberg.org/ebooks/1608,"""Camille (La Dame aux Camilias)"" by Alexandre Dumas is a novel first published in 1848. This semi-autobiographical story follows the tragic romance between Marguerite Gautier, a Parisian courtesan suffering from consumption, and Armand Duval, a young bourgeois who falls deeply in love with her. When Armand convinces her to leave her former life behind, their idyllic countryside existence faces interference from his disapproving father, concerned about family scandal. The tale explores forbidden love, sacrifice, and the harsh morals of 19th-century French society.  ...",camille la dame aux camilias|dumas alexandre 1824 1895,
3922,The Red Lily — Complete,"France, Anatole, 1844-1924",English,"PQ: Language and Literatures: Romance literatures: French, Italian, Spanish, Portuguese",Italy -- Fiction | France -- Fiction | Man-woman relationships -- Fiction | French fiction -- Translations into English,"Oct 30, 2004",https://www.gutenberg.org/ebooks/3922,"""The Red Lily — Complete"" by Anatole France is a novel published in 1894. It tells the story of a beautiful French countess trapped in a loveless marriage who becomes entangled with two men—first accepting devotion she doesn't fully return, then discovering true passion with a sculptor. When her past liaison surfaces, jealousy threatens to destroy the love she cherishes most. Set against the backdrop of Florence and Paris, this romantic drama explores the complications of love, truth, and forgiveness.  ...",the red lily complete|france anatole 1844 1924,
35548,Doctor Cupid: A Novel,"Broughton, Rhoda, 1840-1920",English,PR: Language and Literatures: English literature,English fiction -- Welsh authors,"Mar 11, 2011",https://www.gutenberg.org/ebooks/35548,"""Doctor Cupid: A Novel"" by Rhoda Broughton is a work of fiction likely written in the late 19th century. This novel introduces readers to the lives of the Lambton sisters, especially focusing on Peggy and Prue, who navigate their experiences and interactions while living in a small residence in the shadows of a larger estate. The themes of social observation, youthful aspirations, and romantic entanglements appear to be at the forefront of this narrative. At the start of the story, we are immersed in the charming yet complicated world of the two sisters and their reflections on life within the constraints of societal expectations and personal desires. The opening section features their wry assessments of what they owe to the ""Big House""—the larger estate nearby—and the culture around them. Through playful dialogue, we see the sisters' personalities come to life, with Peggy displaying a blend of practicality and introspection, while Prue embodies youthful exuberance. This charming glimpse into their lives sets the stage for a narrative filled with humor, growing pains, and the pursuit of love, making it a compelling read for those intrigued by societal norms and the intricacies of relationships in a bygone era.  ...",doctor cupid a novel|broughton rhoda 1840 1920,
4712,The Landloper: The Romance of a Man on Foot,"Day, Holman, 1865-1935",English,PS: Language and Literatures: American and Canadian literature,Political corruption -- Fiction | Water-supply -- Fiction,"Apr 13, 2006",https://www.gutenberg.org/ebooks/4712,"“The Landloper: The Romance of a Man on Foot” by Holman Day is a novel written in the early 20th century. The story follows Walker Farr, a young man who travels on foot along a country road, embodying the essence of a wanderer or “landloper” with no fixed destination. His adventures and interactions with various characters reveal his outlook on life, as well as themes of individuality versus societal norms. At the start of the novel, Walker Farr meanders down a dusty highway, showing both a carefree spirit and a degree of aloofness. He encounters a suspicious farmer who assumes him to be a vagrant, leading to a humorous exchange. Walker primarily seems detached from the societal expectations as he interacts with a wealthy automobile owner and a young woman named Kat Kilgour, whom he finds captivating. Their brief yet profound encounter leaves a lasting impression on him. As he continues his journey, he reflects on the simplicity of life and the burdens of societal expectations, giving readers a glimpse into his philosophical musings and the unique characters he meets along the way.  ...",the landloper the romance of a man on foot|day holman 1865 1935,
31257,"Dainty's Cruel Rivals; Or, The Fatal Birthday","Miller, Alex. McVeigh, Mrs., 1850-1937",English,PS: Language and Literatures: American and Canadian literature,Young women -- Fiction | Love stories | Cousins -- Fiction | Adventure stories | Aunts -- Fiction,"Feb 12, 2010",https://www.gutenberg.org/ebooks/31257,"""Dainty's Cruel Rivals; Or, The Fatal Birthday"" by Mrs. Alex. McVeigh Miller is a romantic novel written in the late 19th century. The story revolves around Dainty Chase, a charming and innocent girl, who faces jealousy from her cousins Olive and Ela as they all navigate their way through society, love, and rivalry, particularly concerning their wealthy relative Lovelace Ellsworth. As the plot unfolds, themes of ambition, deceit, and the complexities of young love take center stage against a backdrop of family dynamics. At the start of the novel, we are introduced to Dainty, who is preparing for a summer trip to her aunt's country home where she hopes to charm Lovelace, who has just returned from Europe. Meanwhile, her cousins plot to undermine her, revealing their jealousy over her beauty and potential to attract Lovelace's attention. Dainty's sweet and trusting nature is contrasted sharply with the deviousness of Olive and Ela, setting the stage for a tale rife with tension and romantic entanglements. The opening chapters focus on establishing these characters and their differing motivations, while hinting at the emotional and dramatic conflicts that are sure to arise as they all converge at the family estate.  ...",dainty s cruel rivals or the fatal birthday|miller alex mcveigh mrs 1850 1937,
57641,One Woman: Being the Second Part of a Romance of Sussex,"Ollivant, Alfred, 1874-1927",English,PR: Language and Literatures: English literature,Sussex (England) -- Fiction,"Aug 5, 2018",https://www.gutenberg.org/ebooks/57641,"""One Woman: Being the Second Part of a Romance of Sussex"" by Alfred Ollivant is a novel written in the early 20th century. The book explores the lives and relationships of Ruth Boam and Ernie Caspar, a young couple recently married, as they navigate the challenges of love, family, and societal expectations in Sussex. Central to the story is their joy as newlyweds, contrasted with the complexities of their pasts and the shadowy figures that linger in their lives. The opening of the novel paints a vivid picture of Ruth and Ernie's quiet wedding day and the simple journey they undertake in a carrier's cart. As they settle into their new life together, the narrative introduces key figures like Alf, Ernie's brother, whose lurking presence hints at deeper tensions. The richness of the Sussex setting is highlighted, and the couple’s joy brings a sense of hope to their future. However, underlying currents of past troubles, family dynamics, and social challenges begin to weave into the story, suggesting a blend of romance and personal struggle that will likely unfold as the novel progresses.  ...",one woman being the second part of a romance of sussex|ollivant alfred 1874 1927,
6635,A Romance of Billy-Goat Hill,"Rice, Alice Caldwell Hegan, 1870-1942",English,PS: Language and Literatures: American and Canadian literature,Kentucky -- Fiction,"Oct 1, 2004",https://www.gutenberg.org/ebooks/6635,"""A Romance of Billy-Goat Hill"" by Alice Caldwell Hegan Rice is a novel likely written in the early 20th century. The story unfolds in a Southern Kentucky setting, particularly focusing on the lives of the Carsey family and their interactions with the surrounding community, as well as the budding romance between Miss Lady Carsey and the newcomer, Don Morley. At the start of the narrative, we are introduced to the picturesque yet somewhat decaying Thornwood mansion, symbolizing a blend of nostalgia and the passage of time. Colonel Bob Carsey, the affectionate yet gruff father, and his spirited daughter, Miss Lady, engage in playful banter that reveals their close relationship. Their discussion shifts between the Colonel's desire for Miss Lady to avoid the charms of the city-bred Don Morley and Miss Lady's enthusiasm for their budding friendship. The opening establishes a rich backdrop of themes related to love, personal ambitions, societal expectations, and the enchanting yet turbulent world of the American South. The interactions set the stage for future conflicts and developments, promising an engaging exploration of romance and character growth.  ...",a romance of billy goat hill|rice alice caldwell hegan 1870 1942,
33823,The Gay Adventure: A Romance,"Bird, Richard, 1881-1965",English,PR: Language and Literatures: English literature,English fiction,"Oct 1, 2010",https://www.gutenberg.org/ebooks/33823,"""The Gay Adventure: A Romance"" by Richard Bird is a novel written in the early 20th century. The story centers on Lionel Mortimer, a charming yet impractical young man, who finds himself in precarious financial straits in London while navigating a series of serendipitous adventures. The narrative blends romance with humor, particularly highlighting Lionel's encounter with Beatrice Blair, an actress with a mysterious and dramatic past, setting the stage for a whimsical exploration of love and intrigue. The opening of the book introduces Lionel Mortimer, a carefree young gentleman living in London, struggling with debt and lacking direction. After an awkward exchange with his landlady over unpaid rent, Lionel is inspired by daydreams of adventure and romance. His fortunes take an unexpected turn when he heroically intervenes to stop a runaway horse and subsequently meets the beautiful Beatrice, who collapses in relief after the danger has passed. Their connection hints at romantic possibilities as Beatrice shares a fragment of her complex story, while Lionel grapples with his feelings amidst the backdrop of her enigmatic life, a theme that sets the tone for their unfolding relationship and future escapades.  ...",the gay adventure a romance|bird richard 1881 1965,
10441,The Green Mouse,"Chambers, Robert W. (Robert William), 1865-1933",English,PS: Language and Literatures: American and Canadian literature,Fantasy fiction | New York (N.Y.) -- Fiction | Courtship -- Fiction | Magic -- Fiction,"Dec 1, 2003",https://www.gutenberg.org/ebooks/10441,"""The Green Mouse"" by Robert W. Chambers is a novel written during the early 20th century. The story introduces a young man forced to confront his privileged yet idle life after facing financial ruin. He grapples with his lack of practical skills and contemplates a career as a magician, leveraging his unusual talents to entertain others. The narrative begins to develop his relationship with a young artist who shares a complex bond with him as they both navigate their personal struggles. At the start of the novel, readers meet a disheartened young man reeling from his family's financial collapse and his own failure to secure a stable future. Apathetic about work and life choices, he begins to consider using his talent for magic as a profession despite not being sure of its acceptance in society. This phase of his life is marked by a chance encounter with a spirited girl in Central Park, leading to a tense moment when she loses control of her horse. Their interaction ignites an immediate but complicated connection as they become intertwined in each other's lives. As the opening progresses, the groundwork is laid for both a comedic and romantic narrative, where themes of financial struggle, aspiration, and serendipity intertwine, setting the tone for their evolving relationship.  ...",the green mouse|chambers robert w robert william 1865 1933,
18875,The Prairie Wife,"Stringer, Arthur, 1874-1950",English,PS: Language and Literatures: American and Canadian literature,Canada -- Fiction | Frontier and pioneer life -- Prairie Provinces -- Fiction,"Jul 19, 2006",https://www.gutenberg.org/ebooks/18875,"""The Prairie Wife"" by Arthur Stringer is a novel written in the early 20th century. The story follows the life of Chaddie, a young woman who finds herself navigating the unexpected complexities of marriage and life on a prairie ranch after marrying Duncan Argyll McKail, the so-called ""Other Man,"" instead of her previous romantic interest, the sophisticated Theobald Gustav. As Chaddie chronicles her experiences, the narrative paints a vivid picture of the challenges and emotional upheavals she encounters while adapting to her new surroundings. The opening of the novel introduces us to Chaddie's lively voice as she pours out her thoughts in a letter to her friend Matilda Anne. Filled with humor and introspection, Chaddie's correspondence reveals her mixed feelings about her marriage and her new life on the prairie, where she grapples with feelings of loneliness and the stark reality of her new home. The narrative juxtaposes her earlier glamorous life with the hard work and humble nature of her current existence, highlighting her struggles and growth. As she details her initial adventures and encounters, including a humorous incident involving her duck-gun, we are offered a glimpse into her resilient spirit as she learns to embrace the realities of prairie life.  ...",the prairie wife|stringer arthur 1874 1950,
19771,Henrietta Temple: A Love Story,"Disraeli, Benjamin, Earl of Beaconsfield, 1804-1881",English,PR: Language and Literatures: English literature,Autobiographical fiction | London (England) -- Fiction | Love stories | Aristocracy (Social class) -- Fiction | Upper class families -- Fiction | Dandies -- Fiction,"Nov 12, 2006",https://www.gutenberg.org/ebooks/19771,"""Henrietta Temple: A Love Story"" by Earl of Beaconsfield Benjamin Disraeli is a novel written between 1833 and 1836. Ferdinand Armine, heir to a debt-ridden aristocratic family, becomes engaged to his wealthy cousin Katherine to escape financial ruin. But when he meets the captivating Henrietta Temple, he falls instantly and passionately in love. Torn between duty and desire, Ferdinand's choices set off a chain of heartbreak, secret engagements, and unexpected complications that entangle multiple lives in a web of conflicting promises and obligations.  ...",henrietta temple a love story|disraeli benjamin earl of beaconsfield 1804 1881,
1400,Great Expectations,"Dickens, Charles, 1812-1870",English,PR: Language and Literatures: English literature,Orphans -- Fiction | England -- Fiction | Revenge -- Fiction | Bildungsromans | Young men -- Fiction | Man-woman relationships -- Fiction | Ex-convicts -- Fiction | Benefactors -- Fiction,"Jul 1, 1998",https://www.gutenberg.org/ebooks/1400,"""Great Expectations"" by Charles Dickens is a novel first published serially from 1860 to 1861. The story follows Pip, a young orphan living with his sister and her blacksmith husband on England's coastal marshes. After a terrifying encounter with an escaped convict and strange visits to the bitter Miss Havisham and her cold adopted daughter Estella, Pip's life transforms when he mysteriously receives a fortune from an unknown benefactor. This bildungsroman explores wealth and poverty, love and rejection, through vivid characters and dramatic scenes that have captivated readers for generations.  ...",great expectations|dickens charles 1812 1870,
23184,Monte-Cristo's Daughter,"Flagg, Edmund, 1815-1890",English,PS: Language and Literatures: American and Canadian literature,"Domestic fiction | Fathers and daughters -- Fiction | France -- Fiction | Dantès, Edmond (Fictitious character) -- Fiction","Oct 24, 2007",https://www.gutenberg.org/ebooks/23184,"""Monte-Cristo's Daughter"" by Edmund Flagg is a sequel to Alexandre Dumas' classic ""The Count of Monte-Cristo,"" and it is a novel likely written in the mid-19th century. The story centers around Zuleika, the daughter of the iconic Count of Monte-Cristo, as she navigates her own tumultuous romantic life. The plot intricately weaves themes of love, mistaken identity, and adventure, positioning Zuleika and her suitor, Viscount Giovanni Massetti, at the heart of unfolding complications that include abduction and societal expectations. The opening of the narrative sets the stage in Rome, where the Count of Monte-Cristo resides with his family while ensuring Zuleika's education at a convent school. Here, Zuleika attracts the attention of Massetti, leading to a passionate albeit clandestine romance filled with youthful fervor and forbidden encounters. As tension arises from their secretive meetings and the looming presence of societal pressures, the stage is established for their love story, intertwined with other characters such as the enigmatic prima donna Louise d'Armilly and the dangerous allure of adventure in a city rich with history and intrigue.  ...",monte cristo s daughter|flagg edmund 1815 1890,
